Workbook

Sheet orange 1liter
O2: alpha | P2: 0.99786974 | U2: coefii dir | V2: 0.31705914
O3: bet | P3: 0.014081233 | Q3: error2 | R3: =SUM(K21:K110) -> 43.447646 | U3: origine | V3: 58.63147
O4: gamma | P4: 1 | U4: sum | V4: =SUM(Q7:Q70) -> 77203.371
V5: =COUNT($P$2:$P$4) -> 3
D6: period | E6: Y | F6: level | G6: trend | H6: season | I6: forcast | J6: error | K6: abs error | L6: average regression | O6: y | P6: erro | Q6: error2
C7: round3 | D7: 1 | E7: 64.13994 | H7: =E7/$A$44 -> 1.0204608 | M7: =AVERAGE(E7:E21) -> 62.853896 | O7: =$V$2*D7+$V$3 -> 58.948529 | P7: =E7-O7 -> 5.1914109 | Q7: =P7*P7 -> 26.950747
D8: 2 | E8: 26.822157 | H8: =E8/$A$44 -> 0.42673818 | M8: =AVERAGE(E8:E22) -> 63.128181 | O8: =$V$2*D8+$V$3 -> 59.265588 | P8: =E8-O8 -> -32.443431 | Q8: =P8*P8 -> 1052.5762
D9: 3 | E9: 61.80758 | H9: =E9/$A$44 -> 0.9833532 | M9: =AVERAGE(E9:E23) -> 66.70029 | O9: =$V$2*D9+$V$3 -> 59.582647 | P9: =E9-O9 -> 2.2249326 | Q9: =P9*P9 -> 4.9503253
D10: 4 | E10: 13.994169 | H10: =E10/$A$44 -> 0.22264601 | M10: =AVERAGE(E10:E24) -> 67.471072 | O10: =$V$2*D10+$V$3 -> 59.899706 | P10: =E10-O10 -> -45.905537 | Q10: =P10*P10 -> 2107.3184
D11: 5 | E11: 103.79009 | H11: =E11/$A$44 -> 1.6512912 | M11: =AVERAGE(E11:E25) -> 71.19314 | O11: =$V$2*D11+$V$3 -> 60.216766 | P11: =E11-O11 -> 43.573319 | Q11: =P11*P11 -> 1898.6342
D12: 6 | E12: 63.55685 | H12: =E12/$A$44 -> 1.0111839 | M12: =AVERAGE(E12:E26) -> 66.48297 | O12: =$V$2*D12+$V$3 -> 60.533825 | P12: =E12-O12 -> 3.0230252 | Q12: =P12*P12 -> 9.1386815
D13: 7 | E13: 43.731777 | H13: =E13/$A$44 -> 0.69576876 | M13: =AVERAGE(E13:E27) -> 71.419802 | O13: =$V$2*D13+$V$3 -> 60.850884 | P13: =E13-O13 -> -17.119107 | Q13: =P13*P13 -> 293.06382
D14: 8 | E14: 43.14869 | H14: =E14/$A$44 -> 0.68649189 | M14: =AVERAGE(E14:E28) -> 70.253621 | O14: =$V$2*D14+$V$3 -> 61.167943 | P14: =E14-O14 -> -18.019253 | Q14: =P14*P14 -> 324.69348
D15: 9 | E15: 60.6414 | H15: =E15/$A$44 -> 0.96479938 | M15: =AVERAGE(E15:E29) -> 70.292494 | O15: =$V$2*D15+$V$3 -> 61.485002 | P15: =E15-O15 -> -0.8436022 | Q15: =P15*P15 -> 0.71166467
D16: 10 | E16: 149.27113 | H16: =E16/$A$44 -> 2.3748907 | M16: =AVERAGE(E16:E30) -> 69.748276 | O16: =$V$2*D16+$V$3 -> 61.802061 | P16: =E16-O16 -> 87.469069 | Q16: =P16*P16 -> 7650.838
D17: 11 | E17: 85.98479 | H17: =E17/$A$44 -> 1.3680105 | M17: =AVERAGE(E17:E31) -> 62.28472 | O17: =$V$2*D17+$V$3 -> 62.11912 | P17: =E17-O17 -> 23.86567 | Q17: =P17*P17 -> 569.57018
D18: 12 | E18: 33.02206 | H18: =E18/$A$44 -> 0.52537809 | M18: =AVERAGE(E18:E32) -> 60.867269 | O18: =$V$2*D18+$V$3 -> 62.43618 | P18: =E18-O18 -> -29.41412 | Q18: =P18*P18 -> 865.19043
D19: 13 | E19: 104.47395 | H19: =E19/$A$44 -> 1.6621714 | M19: =AVERAGE(E19:E33) -> 60.132465 | O19: =$V$2*D19+$V$3 -> 62.753239 | P19: =E19-O19 -> 41.720711 | Q19: =P19*P19 -> 1740.6177
D20: 14 | E20: 35.811565 | H20: =E20/$A$44 -> 0.56975887 | M20: =AVERAGE(E20:E34) -> 56.434202 | O20: =$V$2*D20+$V$3 -> 63.070298 | P20: =E20-O20 -> -27.258733 | Q20: =P20*P20 -> 743.03852
D21: 15 | E21: 52.612297 | F21: =V3 -> 58.63147 | G21: =V2 -> 0.31705914 | H21: =E21/$A$44 -> 0.83705705 | M21: =AVERAGE(E21:E35) -> 57.313431 | O21: =$V$2*D21+$V$3 -> 63.387357 | P21: =E21-O21 -> -10.77506 | Q21: =P21*P21 -> 116.10192
D22: 16 | E22: 68.25422 | F22: =$P$2*(E22/H7)+(1-$P$2)*(F21+G21) -> 66.868774 | G22: =$P$3*(F22-F21)+(1-$P$3)*G21 -> 0.42858595 | H22: =$P$4*(E22/F22)+(1-$P$4)*H7 -> 1.0207189 | I22: =(F22+(G22))*H7 -> 68.674321 | J22: =E22-I22 -> -0.420101 | K22: =ABS(J22) -> 0.420101 | M22: =AVERAGE(E22:E36) -> 55.672611 | O22: =$V$2*D22+$V$3 -> 63.704416 | P22: =E22-O22 -> 4.5498038 | Q22: =P22*P22 -> 20.700715
D23: 17 | E23: 80.40379 | F23: =$P$2*(E23/H8)+(1-$P$2)*(F22+G22) -> 188.15679 | G23: =$P$3*(F23-F22)+(1-$P$3)*G22 -> 2.1304357 | H23: =$P$4*(E23/F23)+(1-$P$4)*H8 -> 0.42732335 | I23: =(F23+(G23))*H8 -> 81.202825 | J23: =E23-I23 -> -0.79903467 | K23: =ABS(J23) -> 0.79903467 | M23: =AVERAGE(E23:E37) -> 59.455663 | O23: =$V$2*D23+$V$3 -> 64.021475 | P23: =E23-O23 -> 16.382315 | Q23: =P23*P23 -> 268.38023
D24: 18 | E24: 73.36931 | F24: =$P$2*(E24/H9)+(1-$P$2)*(F23+G23) -> 74.85777 | G24: =$P$3*(F24-F23)+(1-$P$3)*G23 -> 0.50504669 | H24: =$P$4*(E24/F24)+(1-$P$4)*H9 -> 0.98011616 | I24: =(F24+(G24))*H9 -> 74.108267 | J24: =E24-I24 -> -0.73895727 | K24: =ABS(J24) -> 0.73895727 | M24: =AVERAGE(E24:E38) -> 58.29541 | O24: =$V$2*D24+$V$3 -> 64.338534 | P24: =E24-O24 -> 9.0307755 | Q24: =P24*P24 -> 81.554907
D25: 19 | E25: 69.82518 | F25: =$P$2*(E25/H10)+(1-$P$2)*(F24+G24) -> 313.10769 | G25: =$P$3*(F25-F24)+(1-$P$3)*G24 -> 3.8527876 | H25: =$P$4*(E25/F25)+(1-$P$4)*H10 -> 0.22300691 | I25: =(F25+(G25))*H10 -> 70.569986 | J25: =E25-I25 -> -0.74480594 | K25: =ABS(J25) -> 0.74480594 | M25: =AVERAGE(E25:E39) -> 58.804123 | O25: =$V$2*D25+$V$3 -> 64.655594 | P25: =E25-O25 -> 5.1695864 | Q25: =P25*P25 -> 26.724623
D26: 20 | E26: 33.137543 | F26: =$P$2*(E26/H11)+(1-$P$2)*(F25+G25) -> 20.700116 | G26: =$P$3*(F26-F25)+(1-$P$3)*G25 -> -0.31892353 | H26: =$P$4*(E26/F26)+(1-$P$4)*H11 -> 1.6008386 | I26: =(F26+(G26))*H11 -> 33.655283 | J26: =E26-I26 -> -0.51773991 | K26: =ABS(J26) -> 0.51773991 | M26: =AVERAGE(E26:E40) -> 58.349111 | O26: =$V$2*D26+$V$3 -> 64.972653 | P26: =E26-O26 -> -31.83511 | Q26: =P26*P26 -> 1013.4742
D27: 21 | E27: 137.60933 | F27: =$P$2*(E27/H12)+(1-$P$2)*(F26+G26) -> 135.84085 | G27: =$P$3*(F27-F26)+(1-$P$3)*G26 -> 1.3068908 | H27: =$P$4*(E27/F27)+(1-$P$4)*H12 -> 1.0130187 | I27: =(F27+(G27))*H12 -> 138.6816 | J27: =E27-I27 -> -1.0722658 | K27: =ABS(J27) -> 1.0722658 | M27: =AVERAGE(E27:E41) -> 64.539941 | O27: =$V$2*D27+$V$3 -> 65.289712 | P27: =E27-O27 -> 72.319618 | Q27: =P27*P27 -> 5230.1272
D28: 22 | E28: 26.239067 | F28: =$P$2*(E28/H13)+(1-$P$2)*(F27+G27) -> 37.924162 | G28: =$P$3*(F28-F27)+(1-$P$3)*G27 -> -0.090299517 | H28: =$P$4*(E28/F28)+(1-$P$4)*H13 -> 0.69188257 | I28: =(F28+(G28))*H13 -> 26.32362 | J28: =E28-I28 -> -0.084552667 | K28: =ABS(J28) -> 0.084552667 | M28: =AVERAGE(E28:E42) -> 62.499319 | O28: =$V$2*D28+$V$3 -> 65.606771 | P28: =E28-O28 -> -39.367704 | Q28: =P28*P28 -> 1549.8161
D29: 23 | E29: 43.731777 | F29: =$P$2*(E29/H14)+(1-$P$2)*(F28+G28) -> 63.648159 | G29: =$P$3*(F29-F28)+(1-$P$3)*G28 -> 0.2731976 | H29: =$P$4*(E29/F29)+(1-$P$4)*H14 -> 0.68708628 | I29: =(F29+(G29))*H14 -> 43.881493 | J29: =E29-I29 -> -0.1497163 | K29: =ABS(J29) -> 0.1497163 | M29: =AVERAGE(E29:E43) -> 64.016715 | O29: =$V$2*D29+$V$3 -> 65.92383 | P29: =E29-O29 -> -22.192053 | Q29: =P29*P29 -> 492.48722
D30: 24 | E30: 52.478134 | F30: =$P$2*(E30/H15)+(1-$P$2)*(F29+G29) -> 54.413092 | G30: =$P$3*(F30-F29)+(1-$P$3)*G29 -> 0.13930951 | H30: =$P$4*(E30/F30)+(1-$P$4)*H15 -> 0.96443947 | I30: =(F30+(G30))*H15 -> 52.632124 | J30: =E30-I30 -> -0.15398957 | K30: =ABS(J30) -> 0.15398957 | M30: =AVERAGE(E30:E44) -> 62.901263 | O30: =$V$2*D30+$V$3 -> 66.240889 | P30: =E30-O30 -> -13.762755 | Q30: =P30*P30 -> 189.41343
D31: 25 | E31: 37.317783 | F31: =$P$2*(E31/H16)+(1-$P$2)*(F30+G30) -> 15.796211 | G31: =$P$3*(F31-F30)+(1-$P$3)*G30 -> -0.40642542 | H31: =$P$4*(E31/F31)+(1-$P$4)*H16 -> 2.3624515 | I31: =(F31+(G31))*H16 -> 36.549059 | J31: =E31-I31 -> 0.76872426 | K31: =ABS(J31) -> 0.76872426 | M31: =AVERAGE(E31:E45) -> 62.202721 | O31: =$V$2*D31+$V$3 -> 66.557948 | P31: =E31-O31 -> -29.240165 | Q31: =P31*P31 -> 854.98728
D32: 26 | E32: 64.72303 | F32: =$P$2*(E32/H17)+(1-$P$2)*(F31+G31) -> 47.243791 | G32: =$P$3*(F32-F31)+(1-$P$3)*G31 -> 0.042118232 | H32: =$P$4*(E32/F32)+(1-$P$4)*H17 -> 1.3699796 | I32: =(F32+(G32))*H17 -> 64.68762 | J32: =E32-I32 -> 0.035409657 | K32: =ABS(J32) -> 0.035409657 | M32: =AVERAGE(E32:E46) -> 65.048202 | O32: =$V$2*D32+$V$3 -> 66.875008 | P32: =E32-O32 -> -2.1519776 | Q32: =P32*P32 -> 4.6310076
C33: round4 | D33: 27 | E33: 22 | F33: =$P$2*(E33/H18)+(1-$P$2)*(F32+G32) -> 41.886132 | G33: =$P$3*(F33-F32)+(1-$P$3)*G32 -> -0.033917282 | H33: =$P$4*(E33/F33)+(1-$P$4)*H18 -> 0.5252335 | I33: =(F33+(G33))*H18 -> 21.988237 | J33: =E33-I33 -> 0.011763099 | K33: =ABS(J33) -> 0.011763099 | M33: =AVERAGE(E33:E47) -> 63.133333 | O33: =$V$2*D33+$V$3 -> 67.192067 | P33: =E33-O33 -> -45.192067 | Q33: =P33*P33 -> 2042.3229
D34: 28 | E34: 49 | F34: =$P$2*(E34/H19)+(1-$P$2)*(F33+G33) -> 29.505868 | G34: =$P$3*(F34-F33)+(1-$P$3)*G33 -> -0.20776907 | H34: =$P$4*(E34/F34)+(1-$P$4)*H19 -> 1.6606866 | I34: =(F34+(G34))*H19 -> 48.698462 | J34: =E34-I34 -> 0.30153776 | K34: =ABS(J34) -> 0.30153776 | M34: =AVERAGE(E34:E48) -> 71.333333 | O34: =$V$2*D34+$V$3 -> 67.509126 | P34: =E34-O34 -> -18.509126 | Q34: =P34*P34 -> 342.58774
D35: 29 | E35: 49 | F35: =$P$2*(E35/H20)+(1-$P$2)*(F34+G34) -> 85.880501 | G35: =$P$3*(F35-F34)+(1-$P$3)*G34 -> 0.5889809 | H35: =$P$4*(E35/F35)+(1-$P$4)*H20 -> 0.57056025 | I35: =(F35+(G35))*H20 -> 49.266754 | J35: =E35-I35 -> -0.26675436 | K35: =ABS(J35) -> 0.26675436 | M35: =AVERAGE(E35:E49) -> 71.333333 | O35: =$V$2*D35+$V$3 -> 67.826185 | P35: =E35-O35 -> -18.826185 | Q35: =P35*P35 -> 354.42524
D36: 30 | E36: 28 | F36: =$P$2*(E36/H21)+(1-$P$2)*(F35+G35) -> 33.563472 | G36: =$P$3*(F36-F35)+(1-$P$3)*G35 -> -0.15600094 | H36: =$P$4*(E36/F36)+(1-$P$4)*H21 -> 0.83424028 | I36: =(F36+(G36))*H21 -> 27.963959 | J36: =E36-I36 -> 0.036040827 | K36: =ABS(J36) -> 0.036040827 | M36: =AVERAGE(E36:E50) -> 71.6 | O36: =$V$2*D36+$V$3 -> 68.143244 | P36: =E36-O36 -> -40.143244 | Q36: =P36*P36 -> 1611.4801
D37: 31 | E37: 125 | F37: =$P$2*(E37/H22)+(1-$P$2)*(F36+G36) -> 122.273 | G37: =$P$3*(F37-F36)+(1-$P$3)*G36 -> 1.0953352 | H37: =$P$4*(E37/F37)+(1-$P$4)*H22 -> 1.0223026 | I37: =(F37+(G37))*H22 -> 125.92439 | J37: =E37-I37 -> -0.92438764 | K37: =ABS(J37) -> 0.92438764 | M37: =AVERAGE(E37:E51) -> 82.533333 | O37: =$V$2*D37+$V$3 -> 68.460303 | P37: =E37-O37 -> 56.539697 | Q37: =P37*P37 -> 3196.7373
D38: 32 | E38: 63 | F38: =$P$2*(E38/H23)+(1-$P$2)*(F37+G37) -> 147.37809 | G38: =$P$3*(F38-F37)+(1-$P$3)*G37 -> 1.4334222 | H38: =$P$4*(E38/F38)+(1-$P$4)*H23 -> 0.42747196 | I38: =(F38+(G38))*H23 -> 63.590632 | J38: =E38-I38 -> -0.59063174 | K38: =ABS(J38) -> 0.59063174 | M38: =AVERAGE(E38:E52) -> 77.933333 | O38: =$V$2*D38+$V$3 -> 68.777362 | P38: =E38-O38 -> -5.7773624 | Q38: =P38*P38 -> 33.377917
D39: 33 | E39: 81 | F39: =$P$2*(E39/H24)+(1-$P$2)*(F38+G38) -> 82.784221 | G39: =$P$3*(F39-F38)+(1-$P$3)*G38 -> 0.50367656 | H39: =$P$4*(E39/F39)+(1-$P$4)*H24 -> 0.97844733 | I39: =(F39+(G39))*H24 -> 81.631815 | J39: =E39-I39 -> -0.63181458 | K39: =ABS(J39) -> 0.63181458 | M39: =AVERAGE(E39:E53) -> 77.866667 | O39: =$V$2*D39+$V$3 -> 69.094422 | P39: =E39-O39 -> 11.905578 | Q39: =P39*P39 -> 141.7428
D40: 34 | E40: 63 | F40: =$P$2*(E40/H25)+(1-$P$2)*(F39+G39) -> 282.07808 | G40: =$P$3*(F40-F39)+(1-$P$3)*G39 -> 3.3028873 | H40: =$P$4*(E40/F40)+(1-$P$4)*H25 -> 0.22334242 | I40: =(F40+(G40))*H25 -> 63.641927 | J40: =E40-I40 -> -0.64192714 | K40: =ABS(J40) -> 0.64192714 | M40: =AVERAGE(E40:E54) -> 77.4 | O40: =$V$2*D40+$V$3 -> 69.411481 | P40: =E40-O40 -> -6.4114807 | Q40: =P40*P40 -> 41.107085
D41: 35 | E41: 126 | F41: =$P$2*(E41/H26)+(1-$P$2)*(F40+G40) -> 79.149015 | G41: =$P$3*(F41-F40)+(1-$P$3)*G40 -> 0.39888726 | H41: =$P$4*(E41/F41)+(1-$P$4)*H26 -> 1.5919339 | I41: =(F41+(G41))*H26 -> 127.34335 | J41: =E41-I41 -> -1.3433493 | K41: =ABS(J41) -> 1.3433493 | M41: =AVERAGE(E41:E55) -> 79 | O41: =$V$2*D41+$V$3 -> 69.72854 | P41: =E41-O41 -> 56.27146 | Q41: =P41*P41 -> 3166.4772
D42: 36 | E42: 107 | F42: =$P$2*(E42/H27)+(1-$P$2)*(F41+G41) -> 105.56935 | G42: =$P$3*(F42-F41)+(1-$P$3)*G41 -> 0.76530127 | H42: =$P$4*(E42/F42)+(1-$P$4)*H27 -> 1.0135518 | I42: =(F42+(G42))*H27 -> 107.71899 | J42: =E42-I42 -> -0.71899045 | K42: =ABS(J42) -> 0.71899045 | M42: =AVERAGE(E42:E56) -> 75.666667 | O42: =$V$2*D42+$V$3 -> 70.045599 | P42: =E42-O42 -> 36.954401 | Q42: =P42*P42 -> 1365.6278
D43: 37 | E43: 49 | F43: =$P$2*(E43/H28)+(1-$P$2)*(F42+G42) -> 70.896919 | G43: =$P$3*(F43-F42)+(1-$P$3)*G42 -> 0.26629437 | H43: =$P$4*(E43/F43)+(1-$P$4)*H28 -> 0.69114428 | I43: =(F43+(G43))*H28 -> 49.236587 | J43: =E43-I43 -> -0.23658733 | K43: =ABS(J43) -> 0.23658733 | M43: =AVERAGE(E43:E57) -> 75.933333 | O43: =$V$2*D43+$V$3 -> 70.362658 | P43: =E43-O43 -> -21.362658 | Q43: =P43*P43 -> 456.36316
A44: =AVERAGE(E7:E21) -> 62.853896 | D44: 38 | E44: 27 | F44: =$P$2*(E44/H29)+(1-$P$2)*(F43+G43) -> 39.36426 | G44: =$P$3*(F44-F43)+(1-$P$3)*G43 -> -0.1814741 | H44: =$P$4*(E44/F44)+(1-$P$4)*H29 -> 0.68590138 | I44: =(F44+(G44))*H29 -> 26.921954 | J44: =E44-I44 -> 0.078045678 | K44: =ABS(J44) -> 0.078045678 | M44: =AVERAGE(E44:E58) -> 80.8 | O44: =$V$2*D44+$V$3 -> 70.679717 | P44: =E44-O44 -> -43.679717 | Q44: =P44*P44 -> 1907.9177
D45: 39 | E45: 42 | F45: =$P$2*(E45/H30)+(1-$P$2)*(F44+G44) -> 43.539311 | G45: =$P$3*(F45-F44)+(1-$P$3)*G44 -> -0.12012885 | H45: =$P$4*(E45/F45)+(1-$P$4)*H30 -> 0.96464548 | I45: =(F45+(G45))*H30 -> 41.875173 | J45: =E45-I45 -> 0.12482664 | K45: =ABS(J45) -> 0.12482664 | M45: =AVERAGE(E45:E59) -> 82 | O45: =$V$2*D45+$V$3 -> 70.996776 | P45: =E45-O45 -> -28.996776 | Q45: =P45*P45 -> 840.81304
D46: 40 | E46: 80 | F46: =$P$2*(E46/H31)+(1-$P$2)*(F45+G45) -> 33.883486 | G46: =$P$3*(F46-F45)+(1-$P$3)*G45 -> -0.25440321 | H46: =$P$4*(E46/F46)+(1-$P$4)*H31 -> 2.3610321 | I46: =(F46+(G46))*H31 -> 79.447077 | J46: =E46-I46 -> 0.55292302 | K46: =ABS(J46) -> 0.55292302 | M46: =AVERAGE(E46:E60) -> 82.6 | O46: =$V$2*D46+$V$3 -> 71.313836 | P46: =E46-O46 -> 8.6861644 | Q46: =P46*P46 -> 75.449452
D47: 41 | E47: 36 | F47: =$P$2*(E47/H32)+(1-$P$2)*(F46+G46) -> 26.293424 | G47: =$P$3*(F47-F46)+(1-$P$3)*G46 -> -0.35769833 | H47: =$P$4*(E47/F47)+(1-$P$4)*H32 -> 1.3691637 | I47: =(F47+(G47))*H32 -> 35.531415 | J47: =E47-I47 -> 0.4685852 | K47: =ABS(J47) -> 0.4685852 | M47: =AVERAGE(E47:E61) -> 83.8 | O47: =$V$2*D47+$V$3 -> 71.630895 | P47: =E47-O47 -> -35.630895 | Q47: =P47*P47 -> 1269.5607
D48: 42 | E48: 145 | F48: =$P$2*(E48/H33)+(1-$P$2)*(F47+G47) -> 275.53484 | G48: =$P$3*(F48-F47)+(1-$P$3)*G47 -> 3.1569649 | H48: =$P$4*(E48/F48)+(1-$P$4)*H33 -> 0.52624923 | I48: =(F48+(G48))*H33 -> 146.37827 | J48: =E48-I48 -> -1.3782747 | K48: =ABS(J48) -> 1.3782747 | M48: =AVERAGE(E48:E62) -> 85.133333 | O48: =$V$2*D48+$V$3 -> 71.947954 | P48: =E48-O48 -> 73.052046 | Q48: =P48*P48 -> 5336.6014
D49: 43 | E49: 49 | F49: =$P$2*(E49/H34)+(1-$P$2)*(F48+G48) -> 30.036699 | G49: =$P$3*(F49-F48)+(1-$P$3)*G48 -> -0.34440552 | H49: =$P$4*(E49/F49)+(1-$P$4)*H34 -> 1.6313377 | I49: =(F49+(G49))*H34 -> 49.309595 | J49: =E49-I49 -> -0.30959546 | K49: =ABS(J49) -> 0.30959546 | M49: =AVERAGE(E49:E63) -> 78.133333 | O49: =$V$2*D49+$V$3 -> 72.265013 | P49: =E49-O49 -> -23.265013 | Q49: =P49*P49 -> 541.26083
D50: 44 | E50: 53 | F50: =$P$2*(E50/H35)+(1-$P$2)*(F49+G49) -> 92.756523 | G50: =$P$3*(F50-F49)+(1-$P$3)*G49 -> 0.54361657 | H50: =$P$4*(E50/F50)+(1-$P$4)*H35 -> 0.57138838 | I50: =(F50+(G50))*H35 -> 53.233351 | J50: =E50-I50 -> -0.23335135 | K50: =ABS(J50) -> 0.23335135 | M50: =AVERAGE(E50:E64) -> 79.6 | O50: =$V$2*D50+$V$3 -> 72.582072 | P50: =E50-O50 -> -19.582072 | Q50: =P50*P50 -> 383.45755
D51: 45 | E51: 192 | F51: =$P$2*(E51/H36)+(1-$P$2)*(F50+G50) -> 229.858 | G51: =$P$3*(F51-F50)+(1-$P$3)*G50 -> 2.4665195 | H51: =$P$4*(E51/F51)+(1-$P$4)*H36 -> 0.83529833 | I51: =(F51+(G51))*H36 -> 193.81447 | J51: =E51-I51 -> -1.8144678 | K51: =ABS(J51) -> 1.8144678 | M51: =AVERAGE(E51:E65) -> 82.466667 | O51: =$V$2*D51+$V$3 -> 72.899131 | P51: =E51-O51 -> 119.10087 | Q51: =P51*P51 -> 14185.017
D52: 46 | E52: 56 | F52: =$P$2*(E52/H37)+(1-$P$2)*(F51+G51) -> 55.156524 | G52: =$P$3*(F52-F51)+(1-$P$3)*G51 -> -0.028224202 | H52: =$P$4*(E52/F52)+(1-$P$4)*H37 -> 1.0152924 | I52: =(F52+(G52))*H37 -> 56.357802 | J52: =E52-I52 -> -0.35780181 | K52: =ABS(J52) -> 0.35780181 | M52: =AVERAGE(E52:E66) -> 73.933333 | O52: =$V$2*D52+$V$3 -> 73.21619 | P52: =E52-O52 -> -17.21619 | Q52: =P52*P52 -> 296.39721
D53: 47 | E53: 62 | F53: =$P$2*(E53/H38)+(1-$P$2)*(F52+G52) -> 144.84722 | G53: =$P$3*(F53-F52)+(1-$P$3)*G52 -> 1.2351288 | H53: =$P$4*(E53/F53)+(1-$P$4)*H38 -> 0.42803721 | I53: =(F53+(G53))*H38 -> 62.446108 | J53: =E53-I53 -> -0.44610796 | K53: =ABS(J53) -> 0.44610796 | M53: =AVERAGE(E53:E67) -> 72.933333 | O53: =$V$2*D53+$V$3 -> 73.53325 | P53: =E53-O53 -> -11.53325 | Q53: =P53*P53 -> 133.01585
D54: 48 | E54: 74 | F54: =$P$2*(E54/H39)+(1-$P$2)*(F53+G53) -> 75.780111 | G54: =$P$3*(F54-F53)+(1-$P$3)*G53 -> 0.24518663 | H54: =$P$4*(E54/F54)+(1-$P$4)*H39 -> 0.97650952 | I54: =(F54+(G54))*H39 -> 74.38675 | J54: =E54-I54 -> -0.38674953 | K54: =ABS(J54) -> 0.38674953 | M54: =AVERAGE(E54:E68) -> 71.333333 | O54: =$V$2*D54+$V$3 -> 73.850309 | P54: =E54-O54 -> 0.14969129 | Q54: =P54*P54 -> 0.022407483
D55: 49 | E55: 87 | F55: =$P$2*(E55/H40)+(1-$P$2)*(F54+G54) -> 388.86853 | G55: =$P$3*(F55-F54)+(1-$P$3)*G54 -> 4.650405 | H55: =$P$4*(E55/F55)+(1-$P$4)*H40 -> 0.223726 | I55: =(F55+(G55))*H40 -> 87.889471 | J55: =E55-I55 -> -0.88947096 | K55: =ABS(J55) -> 0.88947096 | M55: =AVERAGE(E55:E69) -> 73.666667 | O55: =$V$2*D55+$V$3 -> 74.167368 | P55: =E55-O55 -> 12.832632 | Q55: =P55*P55 -> 164.67645
D56: 50 | E56: 76 | F56: =$P$2*(E56/H41)+(1-$P$2)*(F55+G55) -> 48.477275 | G56: =$P$3*(F56-F55)+(1-$P$3)*G55 -> -0.20820693 | H56: =$P$4*(E56/F56)+(1-$P$4)*H41 -> 1.5677449 | I56: =(F56+(G56))*H41 -> 76.841165 | J56: =E56-I56 -> -0.8411649 | K56: =ABS(J56) -> 0.8411649 | M56: =AVERAGE(E56:E70) -> 74.466667 | O56: =$V$2*D56+$V$3 -> 74.484427 | P56: =E56-O56 -> 1.515573 | Q56: =P56*P56 -> 2.2969616
... D58: 52 | E58: 122 | F58: =$P$2*(E58/H43)+(1-$P$2)*(F57+G57) -> 176.37724 | G58: =$P$3*(F58-F57)+(1-$P$3)*G57 -> 1.5865276 | H58: =$P$4*(E58/F58)+(1-$P$4)*H43 -> 0.69169923 | I58: =(F58+(G58))*H43 -> 122.99864 | J58: =E58-I58 -> -0.9986381 | K58: =ABS(J58) -> 0.9986381 | M58: =AVERAGE(E58:E72) -> 65.266667 | O58: =$V$2*D58+$V$3 -> 75.118545 | P58: =E58-O58 -> 46.881455 | Q58: =P58*P58 -> 2197.8708
C59: round 5 | D59: 53 | E59: 45 | F59: =$P$2*(E59/H44)+(1-$P$2)*(F58+G58) -> 65.846449 | G59: =$P$3*(F59-F58)+(1-$P$3)*G58 -> 0.0077775931 | H59: =$P$4*(E59/F59)+(1-$P$4)*H44 -> 0.68340815 | I59: =(F59+(G59))*H44 -> 45.169505 | J59: =E59-I59 -> -0.16950468 | K59: =ABS(J59) -> 0.16950468 | M59: =AVERAGE(E59:E73) -> 57.8 | O59: =$V$2*D59+$V$3 -> 75.435604 | P59: =E59-O59 -> -30.435604 | Q59: =P59*P59 -> 926.32602
D60: 54 | E60: 51 | F60: =$P$2*(E60/H45)+(1-$P$2)*(F59+G59) -> 52.896825 | G60: =$P$3*(F60-F59)+(1-$P$3)*G59 -> -0.17467859 | H60: =$P$4*(E60/F60)+(1-$P$4)*H45 -> 0.96414104 | I60: =(F60+(G60))*H45 -> 50.858181 | J60: =E60-I60 -> 0.14181927 | K60: =ABS(J60) -> 0.14181927 | M60: =AVERAGE(E60:E74) -> 57.733333 | O60: =$V$2*D60+$V$3 -> 75.752664 | P60: =E60-O60 -> -24.752664 | Q60: =P60*P60 -> 612.69435
D61: 55 | E61: 98 | F61: =$P$2*(E61/H46)+(1-$P$2)*(F60+G60) -> 41.531161 | G61: =$P$3*(F61-F60)+(1-$P$3)*G60 -> -0.33226146 | H61: =$P$4*(E61/F61)+(1-$P$4)*H46 -> 2.359674 | I61: =(F61+(G61))*H46 -> 97.271927 | J61: =E61-I61 -> 0.72807341 | K61: =ABS(J61) -> 0.72807341 | M61: =AVERAGE(E61:E75) -> 58.333333 | O61: =$V$2*D61+$V$3 -> 76.069723 | P61: =E61-O61 -> 21.930277 | Q61: =P61*P61 -> 480.93706 | W61: average of new years | Y61: average last years
D62: 56 | E62: 56 | F62: =$P$2*(E62/H47)+(1-$P$2)*(F61+G61) -> 40.901516 | G62: =$P$3*(F62-F61)+(1-$P$3)*G61 -> -0.33644899 | H62: =$P$4*(E62/F62)+(1-$P$4)*H47 -> 1.3691424 | I62: =(F62+(G62))*H47 -> 55.540216 | J62: =E62-I62 -> 0.4597845 | K62: =ABS(J62) -> 0.4597845 | M62: =AVERAGE(E62:E76) -> 54.266667 | O62: =$V$2*D62+$V$3 -> 76.386782 | P62: =E62-O62 -> -20.386782 | Q62: =P62*P62 -> 415.62087 | W62: =AVERAGE(E85:E110) -> 64.846154 | Y62: =AVERAGE(E59:E84) -> 64.846154
D63: 57 | E63: 40 | F63: =$P$2*(E63/H48)+(1-$P$2)*(F62+G62) -> 75.934106 | G63: =$P$3*(F63-F62)+(1-$P$3)*G62 -> 0.16159068 | H63: =$P$4*(E63/F63)+(1-$P$4)*H48 -> 0.52677252 | I63: =(F63+(G63))*H48 -> 40.045302 | J63: =E63-I63 -> -0.045301881 | K63: =ABS(J63) -> 0.045301881 | M63: =AVERAGE(E63:E77) -> 62.133333 | O63: =$V$2*D63+$V$3 -> 76.703841 | P63: =E63-O63 -> -36.703841 | Q63: =P63*P63 -> 1347.1719 | V63: nouvelle /ancienne | W63: =W62/Y62 -> 1
D64: 58 | E64: 71 | F64: =$P$2*(E64/H49)+(1-$P$2)*(F63+G63) -> 43.591954 | G64: =$P$3*(F64-F63)+(1-$P$3)*G63 -> -0.29610209 | H64: =$P$4*(E64/F64)+(1-$P$4)*H49 -> 1.628741 | I64: =(F64+(G64))*H49 -> 70.630155 | J64: =E64-I64 -> 0.36984503 | K64: =ABS(J64) -> 0.36984503 | M64: =AVERAGE(E64:E78) -> 62.733333 | O64: =$V$2*D64+$V$3 -> 77.0209 | P64: =E64-O64 -> -6.0209001 | Q64: =P64*P64 -> 36.251238
D65: 59 | E65: 96 | F65: =$P$2*(E65/H50)+(1-$P$2)*(F64+G64) -> 167.74614 | G65: =$P$3*(F65-F64)+(1-$P$3)*G64 -> 1.4563114 | H65: =$P$4*(E65/F65)+(1-$P$4)*H50 -> 0.57229335 | I65: =(F65+(G65))*H50 -> 96.680314 | J65: =E65-I65 -> -0.68031415 | K65: =ABS(J65) -> 0.68031415 | M65: =AVERAGE(E65:E79) -> 63.533333 | O65: =$V$2*D65+$V$3 -> 77.337959 | P65: =E65-O65 -> 18.662041 | Q65: =P65*P65 -> 348.27176
D66: 60 | E66: 64 | F66: =$P$2*(E66/H51)+(1-$P$2)*(F65+G65) -> 76.816558 | G66: =$P$3*(F66-F65)+(1-$P$3)*G65 -> 0.15540413 | H66: =$P$4*(E66/F66)+(1-$P$4)*H51 -> 0.8331537 | I66: =(F66+(G66))*H51 -> 64.294552 | J66: =E66-I66 -> -0.29455172 | K66: =ABS(J66) -> 0.29455172 | M66: =AVERAGE(E66:E80) -> 61.4 | O66: =$V$2*D66+$V$3 -> 77.655018 | P66: =E66-O66 -> -13.655018 | Q66: =P66*P66 -> 186.45953
D67: 61 | E67: 41 | F67: =$P$2*(E67/H52)+(1-$P$2)*(F66+G66) -> 40.4604 | G67: =$P$3*(F67-F66)+(1-$P$3)*G66 -> -0.35872368 | H67: =$P$4*(E67/F67)+(1-$P$4)*H52 -> 1.0133365 | I67: =(F67+(G67))*H52 -> 40.714928 | J67: =E67-I67 -> 0.28507217 | K67: =ABS(J67) -> 0.28507217 | M67: =AVERAGE(E67:E81) -> 62.8 | O67: =$V$2*D67+$V$3 -> 77.972078 | P67: =E67-O67 -> -36.972078 | Q67: =P67*P67 -> 1366.9345
D68: 62 | E68: 38 | F68: =$P$2*(E68/H53)+(1-$P$2)*(F67+G67) -> 88.673636 | G68: =$P$3*(F68-F67)+(1-$P$3)*G67 -> 0.32522938 | H68: =$P$4*(E68/F68)+(1-$P$4)*H53 -> 0.42853775 | I68: =(F68+(G68))*H53 -> 38.094826 | J68: =E68-I68 -> -0.09482626 | K68: =ABS(J68) -> 0.09482626 | M68: =AVERAGE(E68:E82) -> 63.533333 | O68: =$V$2*D68+$V$3 -> 78.289137 | P68: =E68-O68 -> -40.289137 | Q68: =P68*P68 -> 1623.2145
D69: 63 | E69: 109 | F69: =$P$2*(E69/H54)+(1-$P$2)*(F68+G68) -> 111.57386 | G69: =$P$3*(F69-F68)+(1-$P$3)*G68 -> 0.64311318 | H69: =$P$4*(E69/F69)+(1-$P$4)*H54 -> 0.97693131 | I69: =(F69+(G69))*H54 -> 109.58094 | J69: =E69-I69 -> -0.58094487 | K69: =ABS(J69) -> 0.58094487 | M69: =AVERAGE(E69:E83) -> 64.933333 | O69: =$V$2*D69+$V$3 -> 78.606196 | P69: =E69-O69 -> 30.393804 | Q69: =P69*P69 -> 923.78333
D70: 64 | E70: 99 | F70: =$P$2*(E70/H55)+(1-$P$2)*(F69+G69) -> 441.80197 | G70: =$P$3*(F70-F69)+(1-$P$3)*G69 -> 5.2840761 | H70: =$P$4*(E70/F70)+(1-$P$4)*H55 -> 0.2240823 | I70: =(F70+(G70))*H55 -> 100.02477 | J70: =E70-I70 -> -1.0247712 | K70: =ABS(J70) -> 1.0247712 | M70: =AVERAGE(E70:E84) -> 65.133333 | O70: =$V$2*D70+$V$3 -> 78.923255 | P70: =E70-O70 -> 20.076745 | Q70: =P70*P70 -> 403.07569
D71: 65 | E71: 6 | F71: =$P$2*(E71/H56)+(1-$P$2)*(F70+G70) -> 4.7714115 | G71: =$P$3*(F71-F70)+(1-$P$3)*G70 -> -0.94425913 | H71: =$P$4*(E71/F71)+(1-$P$4)*H56 -> 1.2574895 | I71: =(F71+(G71))*H56 -> 5.9999986 | J71: =E71-I71 -> 1.4385072e-06 | K71: =ABS(J71) -> 1.4385072e-06
D72: 66 | E72: 43 | F72: =$P$2*(E72/H57)+(1-$P$2)*(F71+G71) -> 42.292405 | G72: =$P$3*(F72-F71)+(1-$P$3)*G71 -> -0.40262095 | H72: =$P$4*(E72/F72)+(1-$P$4)*H57 -> 1.016731 | I72: =(F72+(G72))*H57 -> 42.508108 | J72: =E72-I72 -> 0.49189207 | K72: =ABS(J72) -> 0.49189207
D73: 67 | E73: 10 | F73: =$P$2*(E73/H58)+(1-$P$2)*(F72+G72) -> 14.515589 | G73: =$P$3*(F73-F72)+(1-$P$3)*G72 -> -0.78808336 | H73: =$P$4*(E73/F73)+(1-$P$4)*H58 -> 0.6889145 | I73: =(F73+(G73))*H58 -> 9.4953054 | J73: =E73-I73 -> 0.50469462 | K73: =ABS(J73) -> 0.50469462
D74: 68 | E74: 44 | F74: =$P$2*(E74/H59)+(1-$P$2)*(F73+G73) -> 64.275284 | G74: =$P$3*(F74-F73)+(1-$P$3)*G73 -> -0.076308328 | H74: =$P$4*(E74/F74)+(1-$P$4)*H59 -> 0.68455551 | I74: =(F74+(G74))*H59 -> 43.874104 | J74: =E74-I74 -> 0.12589628 | K74: =ABS(J74) -> 0.12589628
D75: 69 | E75: 60 | F75: =$P$2*(E75/H60)+(1-$P$2)*(F74+G74) -> 62.23575 | G75: =$P$3*(F75-F74)+(1-$P$3)*G74 -> -0.10395297 | H75: =$P$4*(E75/F75)+(1-$P$4)*H60 -> 0.96407611 | I75: =(F75+(G75))*H60 -> 59.903816 | J75: =E75-I75 -> 0.096184493 | K75: =ABS(J75) -> 0.096184493
D76: 70 | E76: 37 | F76: =$P$2*(E76/H61)+(1-$P$2)*(F75+G75) -> 15.779087 | G76: =$P$3*(F76-F75)+(1-$P$3)*G75 -> -0.75665627 | H76: =$P$4*(E76/F76)+(1-$P$4)*H61 -> 2.3448759 | I76: =(F76+(G76))*H61 -> 35.448038 | J76: =E76-I76 -> 1.5519623 | K76: =ABS(J76) -> 1.5519623
D77: 71 | E77: 174 | F77: =$P$2*(E77/H62)+(1-$P$2)*(F76+G76) -> 126.84813 | G77: =$P$3*(F77-F76)+(1-$P$3)*G76 -> 0.81798739 | H77: =$P$4*(E77/F77)+(1-$P$4)*H62 -> 1.3717191 | I77: =(F77+(G77))*H62 -> 174.79309 | J77: =E77-I77 -> -0.79309031 | K77: =ABS(J77) -> 0.79309031
D78: 72 | E78: 49 | F78: =$P$2*(E78/H63)+(1-$P$2)*(F77+G77) -> 93.093086 | G78: =$P$3*(F78-F77)+(1-$P$3)*G77 -> 0.33115653 | H78: =$P$4*(E78/F78)+(1-$P$4)*H63 -> 0.52635488 | I78: =(F78+(G78))*H63 -> 49.213324 | J78: =E78-I78 -> -0.2133236 | K78: =ABS(J78) -> 0.2133236
D79: 73 | E79: 83 | F79: =$P$2*(E79/H64)+(1-$P$2)*(F78+G78) -> 51.050069 | G79: =$P$3*(F79-F78)+(1-$P$3)*G78 -> -0.26552408 | H79: =$P$4*(E79/F79)+(1-$P$4)*H64 -> 1.6258548 | I79: =(F79+(G79))*H64 -> 82.714867 | J79: =E79-I79 -> 0.28513263 | K79: =ABS(J79) -> 0.28513263
D80: 74 | E80: 64 | F80: =$P$2*(E80/H65)+(1-$P$2)*(F79+G79) -> 111.70071 | G80: =$P$3*(F80-F79)+(1-$P$3)*G79 -> 0.59225069 | H80: =$P$4*(E80/F80)+(1-$P$4)*H65 -> 0.57295963 | I80: =(F80+(G80))*H65 -> 64.264518 | J80: =E80-I80 -> -0.26451752 | K80: =ABS(J80) -> 0.26451752
D81: 75 | E81: 85 | F81: =$P$2*(E81/H66)+(1-$P$2)*(F80+G80) -> 102.04387 | G81: =$P$3*(F81-F80)+(1-$P$3)*G80 -> 0.44793082 | H81: =$P$4*(E81/F81)+(1-$P$4)*H66 -> 0.83297506 | I81: =(F81+(G81))*H66 -> 85.391425 | J81: =E81-I81 -> -0.39142452 | K81: =ABS(J81) -> 0.39142452
D82: 76 | E82: 52 | F82: =$P$2*(E82/H67)+(1-$P$2)*(F81+G81) -> 51.424648 | G82: =$P$3*(F82-F81)+(1-$P$3)*G81 -> -0.27115767 | H82: =$P$4*(E82/F82)+(1-$P$4)*H67 -> 1.0111882 | I82: =(F82+(G82))*H67 -> 51.835699 | J82: =E82-I82 -> 0.1643013 | K82: =ABS(J82) -> 0.1643013
... D84: 78 | E84: 112 | F84: =$P$2*(E84/H69)+(1-$P$2)*(F83+G83) -> 114.69539 | G84: =$P$3*(F84-F83)+(1-$P$3)*G83 -> 0.61028929 | H84: =$P$4*(E84/F84)+(1-$P$4)*H69 -> 0.97649959 | I84: =(F84+(G84))*H69 -> 112.64573 | J84: =E84-I84 -> -0.64572699 | K84: =ABS(J84) -> 0.64572699
C85: round 6 | D85: 79 | E85: 45 | F85: =$P$2*(E85/H70)+(1-$P$2)*(F84+G84) -> 200.63691 | G85: =$P$3*(F85-F84)+(1-$P$3)*G84 -> 1.8118582 | H85: =$P$4*(E85/F85)+(1-$P$4)*H70 -> 0.22428575 | I85: =(F85+(G85))*H70 -> 45.365185 | J85: =E85-I85 -> -0.36518517 | K85: =ABS(J85) -> 0.36518517
D86: 80 | E86: 51 | F86: =$P$2*(E86/H71)+(1-$P$2)*(F85+G85) -> 40.90187 | G86: =$P$3*(F86-F85)+(1-$P$3)*G85 -> -0.46292124 | H86: =$P$4*(E86/F86)+(1-$P$4)*H71 -> 1.2468868 | I86: =(F86+(G86))*H71 -> 50.851554 | J86: =E86-I86 -> 0.14844553 | K86: =ABS(J86) -> 0.14844553
D87: 81 | E87: 98 | F87: =$P$2*(E87/H72)+(1-$P$2)*(F86+G86) -> 96.268157 | G87: =$P$3*(F87-F86)+(1-$P$3)*G86 -> 0.32322284 | H87: =$P$4*(E87/F87)+(1-$P$4)*H72 -> 1.0179898 | I87: =(F87+(G87))*H72 -> 98.207452 | J87: =E87-I87 -> -0.20745178 | K87: =ABS(J87) -> 0.20745178
D88: 82 | E88: 56 | F88: =$P$2*(E88/H73)+(1-$P$2)*(F87+G87) -> 81.319902 | G88: =$P$3*(F88-F87)+(1-$P$3)*G87 -> 0.10818161 | H88: =$P$4*(E88/F88)+(1-$P$4)*H73 -> 0.68863831 | I88: =(F88+(G88))*H73 -> 56.096988 | J88: =E88-I88 -> -0.096987678 | K88: =ABS(J88) -> 0.096987678
D89: 83 | E89: 40 | F89: =$P$2*(E89/H74)+(1-$P$2)*(F88+G88) -> 58.481064 | G89: =$P$3*(F89-F88)+(1-$P$3)*G88 -> -0.21494072 | H89: =$P$4*(E89/F89)+(1-$P$4)*H74 -> 0.68398208 | I89: =(F89+(G89))*H74 -> 39.886396 | J89: =E89-I89 -> 0.11360415 | K89: =ABS(J89) -> 0.11360415
D90: 84 | E90: 71 | F90: =$P$2*(E90/H75)+(1-$P$2)*(F89+G89) -> 73.612875 | G90: =$P$3*(F90-F89)+(1-$P$3)*G89 -> 0.0011604697 | H90: =$P$4*(E90/F90)+(1-$P$4)*H75 -> 0.96450518 | I90: =(F90+(G90))*H75 -> 70.969533 | J90: =E90-I90 -> 0.030466683 | K90: =ABS(J90) -> 0.030466683
D91: 85 | E91: 96 | F91: =$P$2*(E91/H76)+(1-$P$2)*(F90+G90) -> 41.009936 | G91: =$P$3*(F91-F90)+(1-$P$3)*G90 -> -0.45794545 | H91: =$P$4*(E91/F91)+(1-$P$4)*H76 -> 2.3408961 | I91: =(F91+(G91))*H76 -> 95.089387 | J91: =E91-I91 -> 0.91061345 | K91: =ABS(J91) -> 0.91061345
D92: 86 | E92: 64 | F92: =$P$2*(E92/H77)+(1-$P$2)*(F91+G91) -> 46.643777 | G92: =$P$3*(F92-F91)+(1-$P$3)*G91 -> -0.37216558 | H92: =$P$4*(E92/F92)+(1-$P$4)*H77 -> 1.3721016 | I92: =(F92+(G92))*H77 -> 63.471654 | J92: =E92-I92 -> 0.52834559 | K92: =ABS(J92) -> 0.52834559
D93: 87 | E93: 41 | F93: =$P$2*(E93/H78)+(1-$P$2)*(F92+G92) -> 77.826851 | G93: =$P$3*(F93-F92)+(1-$P$3)*G92 -> 0.072171081 | H93: =$P$4*(E93/F93)+(1-$P$4)*H78 -> 0.52681047 | I93: =(F93+(G93))*H78 -> 41.00253 | J93: =E93-I93 -> -0.00252998 | K93: =ABS(J93) -> 0.00252998
D94: 88 | E94: 38 | F94: =$P$2*(E94/H79)+(1-$P$2)*(F93+G93) -> 23.488477 | G94: =$P$3*(F94-F93)+(1-$P$3)*G93 -> -0.69399647 | H94: =$P$4*(E94/F94)+(1-$P$4)*H79 -> 1.6178146 | I94: =(F94+(G94))*H79 -> 37.060516 | J94: =E94-I94 -> 0.93948432 | K94: =ABS(J94) -> 0.93948432
D95: 89 | E95: 109 | F95: =$P$2*(E95/H80)+(1-$P$2)*(F94+G94) -> 189.88358 | G95: =$P$3*(F95-F94)+(1-$P$3)*G94 -> 1.658824 | H95: =$P$4*(E95/F95)+(1-$P$4)*H80 -> 0.57403596 | I95: =(F95+(G95))*H80 -> 109.74606 | J95: =E95-I95 -> -0.74606237 | K95: =ABS(J95) -> 0.74606237
D96: 90 | E96: 99 | F96: =$P$2*(E96/H81)+(1-$P$2)*(F95+G95) -> 119.00595 | G96: =$P$3*(F96-F95)+(1-$P$3)*G95 -> 0.63742133 | H96: =$P$4*(E96/F96)+(1-$P$4)*H81 -> 0.83189119 | I96: =(F96+(G96))*H81 -> 99.659944 | J96: =E96-I96 -> -0.65994361 | K96: =ABS(J96) -> 0.65994361
D97: 91 | E97: 6 | F97: =$P$2*(E97/H82)+(1-$P$2)*(F96+G96) -> 6.175845 | G97: =$P$3*(F97-F96)+(1-$P$3)*G96 -> -0.9603413 | H97: =$P$4*(E97/F97)+(1-$P$4)*H82 -> 0.97152697 | I97: =(F97+(G97))*H82 -> 5.273856 | J97: =E97-I97 -> 0.72614395 | K97: =ABS(J97) -> 0.72614395
... D110: 104 | E110: 112 | F110: =$P$2*(E110/H95)+(1-$P$2)*(F109+G109) -> 194.77089 | G110: =$P$3*(F110-F109)+(1-$P$3)*G109 -> 1.6835364 | H110: =$P$4*(E110/F110)+(1-$P$4)*H95 -> 0.57503459 | I110: =(F110+(G110))*H95 -> 112.77191 | J110: =E110-I110 -> -0.77190533 | K110: =ABS(J110) -> 0.77190533

Sheet orange mango1liter
O2: alpha | P2: 0.99912968 | U2: coefii dir | V2: 0
O3: bet | P3: 0.002600099 | Q3: error2 | R3: =SUM(K21:K84) -> 3.4844723 | U3: origine | V3: 41.459281
O4: gamma | P4: 1 | U4: sum | V4: =SUM(Q7:Q70) -> 28456.864
V5: =COUNT($P$2:$P$4) -> 3
D6: period | E6: Y | F6: level | G6: trend | H6: season | I6: forcast | J6: error | K6: abs error | L6: average regression | O6: y | P6: erro | Q6: error2
C7: round3 | D7: 1 | E7: 68.60465 | H7: =E7/$A$44 -> 1.6121831 | M7: =AVERAGE(E7:E21) -> 42.553883 | O7: =$V$2*D7+$V$3 -> 41.459281 | P7: =E7-O7 -> 27.145369 | Q7: =P7*P7 -> 736.87108
D8: 2 | E8: 97.093025 | H8: =E8/$A$44 -> 2.281649 | M8: =AVERAGE(E8:E22) -> 40.697003 | O8: =$V$2*D8+$V$3 -> 41.459281 | P8: =E8-O8 -> 55.633744 | Q8: =P8*P8 -> 3095.1135
D9: 3 | E9: 29.069767 | H9: =E9/$A$44 -> 0.68312842 | M9: =AVERAGE(E9:E23) -> 35.091186 | O9: =$V$2*D9+$V$3 -> 41.459281 | P9: =E9-O9 -> -12.389514 | Q9: =P9*P9 -> 153.50005
D10: 4 | E10: 27.906977 | H10: =E10/$A$44 -> 0.6558033 | M10: =AVERAGE(E10:E24) -> 35.253395 | O10: =$V$2*D10+$V$3 -> 41.459281 | P10: =E10-O10 -> -13.552304 | Q10: =P10*P10 -> 183.66493
D11: 5 | E11: 18.89535 | H11: =E11/$A$44 -> 0.44403351 | M11: =AVERAGE(E11:E25) -> 36.456513 | O11: =$V$2*D11+$V$3 -> 41.459281 | P11: =E11-O11 -> -22.563931 | Q11: =P11*P11 -> 509.13097
D12: 6 | E12: 16.569767 | H12: =E12/$A$44 -> 0.3893832 | M12: =AVERAGE(E12:E26) -> 36.776785 | O12: =$V$2*D12+$V$3 -> 41.459281 | P12: =E12-O12 -> -24.889514 | Q12: =P12*P12 -> 619.48789
D13: 7 | E13: 94.476746 | H13: =E13/$A$44 -> 2.2201675 | M13: =AVERAGE(E13:E27) -> 39.233882 | O13: =$V$2*D13+$V$3 -> 41.459281 | P13: =E13-O13 -> 53.017465 | Q13: =P13*P13 -> 2810.8516
D14: 8 | E14: 15.406977 | H14: =E14/$A$44 -> 0.36205808 | M14: =AVERAGE(E14:E28) -> 35.853235 | O14: =$V$2*D14+$V$3 -> 41.459281 | P14: =E14-O14 -> -26.052304 | Q14: =P14*P14 -> 678.72252
D15: 9 | E15: 87.5 | H15: =E15/$A$44 -> 2.0562166 | M15: =AVERAGE(E15:E29) -> 39.271038 | O15: =$V$2*D15+$V$3 -> 41.459281 | P15: =E15-O15 -> 46.040719 | Q15: =P15*P15 -> 2119.7478
D16: 10 | E16: 21.802326 | H16: =E16/$A$44 -> 0.51234634 | M16: =AVERAGE(E16:E30) -> 37.219982 | O16: =$V$2*D16+$V$3 -> 41.459281 | P16: =E16-O16 -> -19.656955 | Q16: =P16*P16 -> 386.39587
D17: 11 | E17: 33.526012 | H17: =E17/$A$44 -> 0.78784848 | M17: =AVERAGE(E17:E31) -> 40.126424 | O17: =$V$2*D17+$V$3 -> 41.459281 | P17: =E17-O17 -> -7.9332686 | Q17: =P17*P17 -> 62.936751
D18: 12 | E18: 16.473988 | H18: =E18/$A$44 -> 0.38713243 | M18: =AVERAGE(E18:E32) -> 38.836158 | O18: =$V$2*D18+$V$3 -> 41.459281 | P18: =E18-O18 -> -24.985293 | Q18: =P18*P18 -> 624.26485
D19: 13 | E19: 29.190752 | H19: =E19/$A$44 -> 0.68597153 | M19: =AVERAGE(E19:E33) -> 38.537892 | O19: =$V$2*D19+$V$3 -> 41.459281 | P19: =E19-O19 -> -12.268529 | Q19: =P19*P19 -> 150.51679
D20: 14 | E20: 52.312138 | H20: =E20/$A$44 -> 1.2293153 | M20: =AVERAGE(E20:E34) -> 38.525175 | O20: =$V$2*D20+$V$3 -> 41.459281 | P20: =E20-O20 -> 10.852857 | Q20: =P20*P20 -> 117.78451
D21: 15 | E21: 29.479769 | F21: =V3 -> 41.459281 | G21: =V2 -> 0 | H21: =E21/$A$44 -> 0.69276331 | M21: =AVERAGE(E21:E35) -> 38.037699 | O21: =$V$2*D21+$V$3 -> 41.459281 | P21: =E21-O21 -> -11.979512 | Q21: =P21*P21 -> 143.5087
D22: 16 | E22: 40.751446 | F22: =$P$2*(E22/H7)+(1-$P$2)*(F21+G21) -> 25.291266 | G22: =$P$3*(F22-F21)+(1-$P$3)*G21 -> -0.042038437 | H22: =$P$4*(E22/F22)+(1-$P$4)*H7 -> 1.6112853 | I22: =(F22+(G22))*H7 -> 40.706378 | J22: =E22-I22 -> 0.045068183 | K22: =ABS(J22) -> 0.045068183 | M22: =AVERAGE(E22:E36) -> 37.672381 | O22: =$V$2*D22+$V$3 -> 41.459281 | P22: =E22-O22 -> -0.70783462 | Q22: =P22*P22 -> 0.50102986
D23: 17 | E23: 13.00578 | F23: =$P$2*(E23/H8)+(1-$P$2)*(F22+G22) -> 5.7171809 | G23: =$P$3*(F23-F22)+(1-$P$3)*G22 -> -0.092823692 | H23: =$P$4*(E23/F23)+(1-$P$4)*H8 -> 2.2748589 | I23: =(F23+(G23))*H8 -> 12.832809 | J23: =E23-I23 -> 0.17297103 | K23: =ABS(J23) -> 0.17297103 | M23: =AVERAGE(E23:E37) -> 38.622285 | O23: =$V$2*D23+$V$3 -> 41.459281 | P23: =E23-O23 -> -28.453501 | Q23: =P23*P23 -> 809.6017
D24: 18 | E24: 31.50289 | F24: =$P$2*(E24/H9)+(1-$P$2)*(F23+G23) -> 46.080378 | G24: =$P$3*(F24-F23)+(1-$P$3)*G23 -> 0.012365966 | H24: =$P$4*(E24/F24)+(1-$P$4)*H9 -> 0.68365086 | I24: =(F24+(G24))*H9 -> 31.487264 | J24: =E24-I24 -> 0.01562628 | K24: =ABS(J24) -> 0.01562628 | M24: =AVERAGE(E24:E38) -> 40.755233 | O24: =$V$2*D24+$V$3 -> 41.459281 | P24: =E24-O24 -> -9.9563906 | Q24: =P24*P24 -> 99.129714
D25: 19 | E25: 45.95376 | F25: =$P$2*(E25/H10)+(1-$P$2)*(F24+G24) -> 70.051604 | G25: =$P$3*(F25-F24)+(1-$P$3)*G24 -> 0.074661372 | H25: =$P$4*(E25/F25)+(1-$P$4)*H10 -> 0.65599868 | I25: =(F25+(G25))*H10 -> 45.989036 | J25: =E25-I25 -> -0.035276458 | K25: =ABS(J25) -> 0.035276458 | M25: =AVERAGE(E25:E39) -> 42.921707 | O25: =$V$2*D25+$V$3 -> 41.459281 | P25: =E25-O25 -> 4.4944794 | Q25: =P25*P25 -> 20.200345
D26: 20 | E26: 23.699423 | F26: =$P$2*(E26/H11)+(1-$P$2)*(F25+G25) -> 53.387631 | G26: =$P$3*(F26-F25)+(1-$P$3)*G25 -> 0.031139267 | H26: =$P$4*(E26/F26)+(1-$P$4)*H11 -> 0.44391224 | I26: =(F26+(G26))*H11 -> 23.719724 | J26: =E26-I26 -> -0.020301215 | K26: =ABS(J26) -> 0.020301215 | M26: =AVERAGE(E26:E40) -> 43.658123 | O26: =$V$2*D26+$V$3 -> 41.459281 | P26: =E26-O26 -> -17.759858 | Q26: =P26*P26 -> 315.41254
D27: 21 | E27: 53.426224 | F27: =$P$2*(E27/H12)+(1-$P$2)*(F26+G26) -> 137.13439 | G27: =$P$3*(F27-F26)+(1-$P$3)*G26 -> 0.24880817 | H27: =$P$4*(E27/F27)+(1-$P$4)*H12 -> 0.38959026 | I27: =(F27+(G27))*H12 -> 53.494711 | J27: =E27-I27 -> -0.068486631 | K27: =ABS(J27) -> 0.068486631 | M27: =AVERAGE(E27:E41) -> 46.411494 | O27: =$V$2*D27+$V$3 -> 41.459281 | P27: =E27-O27 -> 11.966943 | Q27: =P27*P27 -> 143.20773
D28: 22 | E28: 43.76704 | F28: =$P$2*(E28/H13)+(1-$P$2)*(F27+G27) -> 19.815807 | G28: =$P$3*(F28-F27)+(1-$P$3)*G27 -> -0.056878689 | H28: =$P$4*(E28/F28)+(1-$P$4)*H13 -> 2.2086933 | I28: =(F28+(G28))*H13 -> 43.868129 | J28: =E28-I28 -> -0.10108927 | K28: =ABS(J28) -> 0.10108927 | M28: =AVERAGE(E28:E42) -> 43.849746 | O28: =$V$2*D28+$V$3 -> 41.459281 | P28: =E28-O28 -> 2.3077594 | Q28: =P28*P28 -> 5.3257533
D29: 23 | E29: 66.67402 | F29: =$P$2*(E29/H14)+(1-$P$2)*(F28+G28) -> 184.00976 | G29: =$P$3*(F29-F28)+(1-$P$3)*G28 -> 0.37018972 | H29: =$P$4*(E29/F29)+(1-$P$4)*H14 -> 0.36233959 | I29: =(F29+(G29))*H14 -> 66.756248 | J29: =E29-I29 -> -0.082228317 | K29: =ABS(J29) -> 0.082228317 | M29: =AVERAGE(E29:E43) -> 42.865277 | O29: =$V$2*D29+$V$3 -> 41.459281 | P29: =E29-O29 -> 25.214739 | Q29: =P29*P29 -> 635.78308
D30: 24 | E30: 56.73416 | F30: =$P$2*(E30/H15)+(1-$P$2)*(F29+G29) -> 27.727986 | G30: =$P$3*(F30-F29)+(1-$P$3)*G29 -> -0.03712088 | H30: =$P$4*(E30/F30)+(1-$P$4)*H15 -> 2.0460974 | I30: =(F30+(G30))*H15 -> 56.938416 | J30: =E30-I30 -> -0.20425629 | K30: =ABS(J30) -> 0.20425629 | M30: =AVERAGE(E30:E44) -> 41.087009 | O30: =$V$2*D30+$V$3 -> 41.459281 | P30: =E30-O30 -> 15.274879 | Q30: =P30*P30 -> 233.32194
D31: 25 | E31: 65.39896 | F31: =$P$2*(E31/H16)+(1-$P$2)*(F30+G30) -> 127.55901 | G31: =$P$3*(F31-F30)+(1-$P$3)*G30 -> 0.22254617 | H31: =$P$4*(E31/F31)+(1-$P$4)*H16 -> 0.51269575 | I31: =(F31+(G31))*H16 -> 65.46841 | J31: =E31-I31 -> -0.069449943 | K31: =ABS(J31) -> 0.069449943 | M31: =AVERAGE(E31:E45) -> 38.438065 | O31: =$V$2*D31+$V$3 -> 41.459281 | P31: =E31-O31 -> 23.939679 | Q31: =P31*P31 -> 573.10825
D32: 26 | E32: 14.172013 | F32: =$P$2*(E32/H17)+(1-$P$2)*(F31+G31) -> 18.083803 | G32: =$P$3*(F32-F31)+(1-$P$3)*G31 -> -0.062678835 | H32: =$P$4*(E32/F32)+(1-$P$4)*H17 -> 0.78368544 | I32: =(F32+(G32))*H17 -> 14.197915 | J32: =E32-I32 -> -0.025902102 | K32: =ABS(J32) -> 0.025902102 | M32: =AVERAGE(E32:E46) -> 37.744801 | O32: =$V$2*D32+$V$3 -> 41.459281 | P32: =E32-O32 -> -27.287268 | Q32: =P32*P32 -> 744.59497
C33: round4 | D33: 27 | E33: 12 | F33: =$P$2*(E33/H18)+(1-$P$2)*(F32+G32) -> 30.985852 | G33: =$P$3*(F33-F32)+(1-$P$3)*G32 -> -0.02896926 | H33: =$P$4*(E33/F33)+(1-$P$4)*H18 -> 0.38727352 | I33: =(F33+(G33))*H18 -> 11.984413 | J33: =E33-I33 -> 0.015586964 | K33: =ABS(J33) -> 0.015586964 | M33: =AVERAGE(E33:E47) -> 42.533333 | O33: =$V$2*D33+$V$3 -> 41.459281 | P33: =E33-O33 -> -29.459281 | Q33: =P33*P33 -> 867.84921
D34: 28 | E34: 29 | F34: =$P$2*(E34/H19)+(1-$P$2)*(F33+G33) -> 42.265956 | G34: =$P$3*(F34-F33)+(1-$P$3)*G33 -> 0.00043545058 | H34: =$P$4*(E34/F34)+(1-$P$4)*H19 -> 0.68613141 | I34: =(F34+(G34))*H19 -> 28.993541 | J34: =E34-I34 -> 0.0064588962 | K34: =ABS(J34) -> 0.0064588962 | M34: =AVERAGE(E34:E48) -> 43 | O34: =$V$2*D34+$V$3 -> 41.459281 | P34: =E34-O34 -> -12.459281 | Q34: =P34*P34 -> 155.23367
D35: 29 | E35: 45 | F35: =$P$2*(E35/H20)+(1-$P$2)*(F34+G34) -> 36.610671 | G35: =$P$3*(F35-F34)+(1-$P$3)*G34 -> -0.014269984 | H35: =$P$4*(E35/F35)+(1-$P$4)*H20 -> 1.2291498 | I35: =(F35+(G35))*H20 -> 44.988514 | J35: =E35-I35 -> 0.011485961 | K35: =ABS(J35) -> 0.011485961 | M35: =AVERAGE(E35:E49) -> 43 | O35: =$V$2*D35+$V$3 -> 41.459281 | P35: =E35-O35 -> 3.5407194 | Q35: =P35*P35 -> 12.536694
D36: 30 | E36: 24 | F36: =$P$2*(E36/H21)+(1-$P$2)*(F35+G35) -> 34.645566 | G36: =$P$3*(F36-F35)+(1-$P$3)*G35 -> -0.019342346 | H36: =$P$4*(E36/F36)+(1-$P$4)*H21 -> 0.69272934 | I36: =(F36+(G36))*H21 -> 23.987778 | J36: =E36-I36 -> 0.012222428 | K36: =ABS(J36) -> 0.012222428 | M36: =AVERAGE(E36:E50) -> 42.466667 | O36: =$V$2*D36+$V$3 -> 41.459281 | P36: =E36-O36 -> -17.459281 | Q36: =P36*P36 -> 304.82648
D37: 31 | E37: 55 | F37: =$P$2*(E37/H22)+(1-$P$2)*(F36+G36) -> 34.134668 | G37: =$P$3*(F37-F36)+(1-$P$3)*G36 -> -0.020620439 | H37: =$P$4*(E37/F37)+(1-$P$4)*H22 -> 1.6112651 | I37: =(F37+(G37))*H22 -> 54.967465 | J37: =E37-I37 -> 0.032535482 | K37: =ABS(J37) -> 0.032535482 | M37: =AVERAGE(E37:E51) -> 43.133333 | O37: =$V$2*D37+$V$3 -> 41.459281 | P37: =E37-O37 -> 13.540719 | Q37: =P37*P37 -> 183.35108
D38: 32 | E38: 45 | F38: =$P$2*(E38/H23)+(1-$P$2)*(F37+G37) -> 19.79392 | G38: =$P$3*(F38-F37)+(1-$P$3)*G37 -> -0.057854188 | H38: =$P$4*(E38/F38)+(1-$P$4)*H23 -> 2.2734253 | I38: =(F38+(G38))*H23 -> 44.896767 | J38: =E38-I38 -> 0.10323348 | K38: =ABS(J38) -> 0.10323348 | M38: =AVERAGE(E38:E52) -> 42.333333 | O38: =$V$2*D38+$V$3 -> 41.459281 | P38: =E38-O38 -> 3.5407194 | Q38: =P38*P38 -> 12.536694
D39: 33 | E39: 64 | F39: =$P$2*(E39/H24)+(1-$P$2)*(F38+G38) -> 93.550738 | G39: =$P$3*(F39-F38)+(1-$P$3)*G38 -> 0.13407126 | H39: =$P$4*(E39/F39)+(1-$P$4)*H24 -> 0.68412074 | I39: =(F39+(G39))*H24 -> 64.0477 | J39: =E39-I39 -> -0.047700068 | K39: =ABS(J39) -> 0.047700068 | M39: =AVERAGE(E39:E53) -> 41.866667 | O39: =$V$2*D39+$V$3 -> 41.459281 | P39: =E39-O39 -> 22.540719 | Q39: =P39*P39 -> 508.08403
D40: 34 | E40: 57 | F40: =$P$2*(E40/H25)+(1-$P$2)*(F39+G39) -> 86.896332 | G40: =$P$3*(F40-F39)+(1-$P$3)*G39 -> 0.11642055 | H40: =$P$4*(E40/F40)+(1-$P$4)*H25 -> 0.65595404 | I40: =(F40+(G40))*H25 -> 57.080251 | J40: =E40-I40 -> -0.080250862 | K40: =ABS(J40) -> 0.080250862 | M40: =AVERAGE(E40:E54) -> 42 | O40: =$V$2*D40+$V$3 -> 41.459281 | P40: =E40-O40 -> 15.540719 | Q40: =P40*P40 -> 241.51396
D41: 35 | E41: 65 | F41: =$P$2*(E41/H26)+(1-$P$2)*(F40+G40) -> 146.37363 | G41: =$P$3*(F41-F40)+(1-$P$3)*G40 -> 0.27076471 | H41: =$P$4*(E41/F41)+(1-$P$4)*H26 -> 0.44406906 | I41: =(F41+(G41))*H26 -> 65.097242 | J41: =E41-I41 -> -0.097241842 | K41: =ABS(J41) -> 0.097241842 | M41: =AVERAGE(E41:E55) -> 40.333333 | O41: =$V$2*D41+$V$3 -> 41.459281 | P41: =E41-O41 -> 23.540719 | Q41: =P41*P41 -> 554.16547
D42: 36 | E42: 15 | F42: =$P$2*(E42/H27)+(1-$P$2)*(F41+G41) -> 38.596108 | G42: =$P$3*(F42-F41)+(1-$P$3)*G41 -> -0.01017153 | H42: =$P$4*(E42/F42)+(1-$P$4)*H27 -> 0.38864022 | I42: =(F42+(G42))*H27 -> 15.032705 | J42: =E42-I42 -> -0.032705127 | K42: =ABS(J42) -> 0.032705127 | M42: =AVERAGE(E42:E56) -> 39.933333 | O42: =$V$2*D42+$V$3 -> 41.459281 | P42: =E42-O42 -> -26.459281 | Q42: =P42*P42 -> 700.09353
D43: 37 | E43: 29 | F43: =$P$2*(E43/H28)+(1-$P$2)*(F42+G42) -> 13.15209 | G43: =$P$3*(F43-F42)+(1-$P$3)*G42 -> -0.076302048 | H43: =$P$4*(E43/F43)+(1-$P$4)*H28 -> 2.2049727 | I43: =(F43+(G43))*H28 -> 28.880406 | J43: =E43-I43 -> 0.11959424 | K43: =ABS(J43) -> 0.11959424 | M43: =AVERAGE(E43:E57) -> 40.666667 | O43: =$V$2*D43+$V$3 -> 41.459281 | P43: =E43-O43 -> -12.459281 | Q43: =P43*P43 -> 155.23367
A44: =AVERAGE(E7:E21) -> 42.553883 | D44: 38 | E44: 40 | F44: =$P$2*(E44/H29)+(1-$P$2)*(F43+G43) -> 110.30898 | G44: =$P$3*(F44-F43)+(1-$P$3)*G43 -> 0.17651387 | H44: =$P$4*(E44/F44)+(1-$P$4)*H29 -> 0.36261781 | I44: =(F44+(G44))*H29 -> 40.033268 | J44: =E44-I44 -> -0.033268459 | K44: =ABS(J44) -> 0.033268459 | M44: =AVERAGE(E44:E58) -> 41.466667 | O44: =$V$2*D44+$V$3 -> 41.459281 | P44: =E44-O44 -> -1.4592806 | Q44: =P44*P44 -> 2.1294999
D45: 39 | E45: 17 | F45: =$P$2*(E45/H30)+(1-$P$2)*(F44+G44) -> 8.3974271 | G45: =$P$3*(F45-F44)+(1-$P$3)*G44 -> -0.088925204 | H45: =$P$4*(E45/F45)+(1-$P$4)*H30 -> 2.0244296 | I45: =(F45+(G45))*H30 -> 17.000004 | J45: =E45-I45 -> -4.0417998e-06 | K45: =ABS(J45) -> 4.0417998e-06 | M45: =AVERAGE(E45:E59) -> 39.6 | O45: =$V$2*D45+$V$3 -> 41.459281 | P45: =E45-O45 -> -24.459281 | Q45: =P45*P45 -> 598.25641
D46: 40 | E46: 55 | F46: =$P$2*(E46/H31)+(1-$P$2)*(F45+G45) -> 107.18997 | G46: =$P$3*(F46-F45)+(1-$P$3)*G45 -> 0.16817639 | H46: =$P$4*(E46/F46)+(1-$P$4)*H31 -> 0.51310773 | I46: =(F46+(G46))*H31 -> 55.042063 | J46: =E46-I46 -> -0.042062802 | K46: =ABS(J46) -> 0.042062802 | M46: =AVERAGE(E46:E60) -> 40.6 | O46: =$V$2*D46+$V$3 -> 41.459281 | P46: =E46-O46 -> 13.540719 | Q46: =P46*P46 -> 183.35108
D47: 41 | E47: 86 | F47: =$P$2*(E47/H32)+(1-$P$2)*(F46+G46) -> 109.73584 | G47: =$P$3*(F47-F46)+(1-$P$3)*G46 -> 0.17435863 | H47: =$P$4*(E47/F47)+(1-$P$4)*H32 -> 0.78370024 | I47: =(F47+(G47))*H32 -> 86.135019 | J47: =E47-I47 -> -0.13501917 | K47: =ABS(J47) -> 0.13501917 | M47: =AVERAGE(E47:E61) -> 40 | O47: =$V$2*D47+$V$3 -> 41.459281 | P47: =E47-O47 -> 44.540719 | Q47: =P47*P47 -> 1983.8757
D48: 42 | E48: 19 | F48: =$P$2*(E48/H33)+(1-$P$2)*(F47+G47) -> 49.11389 | G48: =$P$3*(F48-F47)+(1-$P$3)*G47 -> 0.01628222 | H48: =$P$4*(E48/F48)+(1-$P$4)*H33 -> 0.38685593 | I48: =(F48+(G48))*H33 -> 19.026815 | J48: =E48-I48 -> -0.026815147 | K48: =ABS(J48) -> 0.026815147 | M48: =AVERAGE(E48:E62) -> 35.8 | O48: =$V$2*D48+$V$3 -> 41.459281 | P48: =E48-O48 -> -22.459281 | Q48: =P48*P48 -> 504.41929
D49: 43 | E49: 29 | F49: =$P$2*(E49/H34)+(1-$P$2)*(F48+G48) -> 42.27193 | G49: =$P$3*(F49-F48)+(1-$P$3)*G48 -> -0.0015498894 | H49: =$P$4*(E49/F49)+(1-$P$4)*H34 -> 0.68603444 | I49: =(F49+(G49))*H34 -> 29.003036 | J49: =E49-I49 -> -0.0030355888 | K49: =ABS(J49) -> 0.0030355888 | M49: =AVERAGE(E49:E63) -> 38.4 | O49: =$V$2*D49+$V$3 -> 41.459281 | P49: =E49-O49 -> -12.459281 | Q49: =P49*P49 -> 155.23367
D50: 44 | E50: 37 | F50: =$P$2*(E50/H35)+(1-$P$2)*(F49+G49) -> 30.112697 | G50: =$P$3*(F50-F49)+(1-$P$3)*G49 -> -0.033161068 | H50: =$P$4*(E50/F50)+(1-$P$4)*H35 -> 1.2287176 | I50: =(F50+(G50))*H35 -> 36.972257 | J50: =E50-I50 -> 0.027742794 | K50: =ABS(J50) -> 0.027742794 | M50: =AVERAGE(E50:E64) -> 39.533333 | O50: =$V$2*D50+$V$3 -> 41.459281 | P50: =E50-O50 -> -4.4592806 | Q50: =P50*P50 -> 19.885184
D51: 45 | E51: 34 | F51: =$P$2*(E51/H36)+(1-$P$2)*(F50+G50) -> 49.064681 | G51: =$P$3*(F51-F50)+(1-$P$3)*G50 -> 0.016202187 | H51: =$P$4*(E51/F51)+(1-$P$4)*H36 -> 0.69296283 | I51: =(F51+(G51))*H36 -> 33.999768 | J51: =E51-I51 -> 0.00023237613 | K51: =ABS(J51) -> 0.00023237613 | M51: =AVERAGE(E51:E65) -> 41.533333 | O51: =$V$2*D51+$V$3 -> 41.459281 | P51: =E51-O51 -> -7.4592806 | Q51: =P51*P51 -> 55.640867
D52: 46 | E52: 43 | F52: =$P$2*(E52/H37)+(1-$P$2)*(F51+G51) -> 26.706594 | G52: =$P$3*(F52-F51)+(1-$P$3)*G51 -> -0.041973179 | H52: =$P$4*(E52/F52)+(1-$P$4)*H37 -> 1.6100892 | I52: =(F52+(G52))*H37 -> 42.963773 | J52: =E52-I52 -> 0.036226582 | K52: =ABS(J52) -> 0.036226582 | M52: =AVERAGE(E52:E66) -> 43.133333 | O52: =$V$2*D52+$V$3 -> 41.459281 | P52: =E52-O52 -> 1.5407194 | Q52: =P52*P52 -> 2.3738162
D53: 47 | E53: 38 | F53: =$P$2*(E53/H38)+(1-$P$2)*(F52+G52) -> 16.723526 | G53: =$P$3*(F53-F52)+(1-$P$3)*G52 -> -0.067821011 | H53: =$P$4*(E53/F53)+(1-$P$4)*H38 -> 2.2722482 | I53: =(F53+(G53))*H38 -> 37.865501 | J53: =E53-I53 -> 0.13449923 | K53: =ABS(J53) -> 0.13449923 | M53: =AVERAGE(E53:E67) -> 44.8 | O53: =$V$2*D53+$V$3 -> 41.459281 | P53: =E53-O53 -> -3.4592806 | Q53: =P53*P53 -> 11.966622
D54: 48 | E54: 66 | F54: =$P$2*(E54/H39)+(1-$P$2)*(F53+G53) -> 96.404731 | G54: =$P$3*(F54-F53)+(1-$P$3)*G53 -> 0.13953435 | H54: =$P$4*(E54/F54)+(1-$P$4)*H39 -> 0.68461371 | I54: =(F54+(G54))*H39 -> 66.047934 | J54: =E54-I54 -> -0.047933828 | K54: =ABS(J54) -> 0.047933828 | M54: =AVERAGE(E54:E68) -> 43.266667 | O54: =$V$2*D54+$V$3 -> 41.459281 | P54: =E54-O54 -> 24.540719 | Q54: =P54*P54 -> 602.24691
D55: 49 | E55: 32 | F55: =$P$2*(E55/H40)+(1-$P$2)*(F54+G54) -> 48.825472 | G55: =$P$3*(F55-F54)+(1-$P$3)*G54 -> 0.015460766 | H55: =$P$4*(E55/F55)+(1-$P$4)*H40 -> 0.6553956 | I55: =(F55+(G55))*H40 -> 32.037408 | J55: =E55-I55 -> -0.037407613 | K55: =ABS(J55) -> 0.037407613 | M55: =AVERAGE(E55:E69) -> 41 | O55: =$V$2*D55+$V$3 -> 41.459281 | P55: =E55-O55 -> -9.4592806 | Q55: =P55*P55 -> 89.47799
D56: 50 | E56: 59 | F56: =$P$2*(E56/H41)+(1-$P$2)*(F55+G55) -> 132.78909 | G56: =$P$3*(F56-F55)+(1-$P$3)*G55 -> 0.23373429 | H56: =$P$4*(E56/F56)+(1-$P$4)*H41 -> 0.4443136 | I56: =(F56+(G56))*H41 -> 59.071321 | J56: =E56-I56 -> -0.071321253 | K56: =ABS(J56) -> 0.071321253 | M56: =AVERAGE(E56:E70) -> 41.6 | O56: =$V$2*D56+$V$3 -> 41.459281 | P56: =E56-O56 -> 17.540719 | Q56: =P56*P56 -> 307.67684
... D58: 52 | E58: 41 | F58: =$P$2*(E58/H43)+(1-$P$2)*(F57+G57) -> 18.63648 | G58: =$P$3*(F58-F57)+(1-$P$3)*G57 -> -0.06384263 | H58: =$P$4*(E58/F58)+(1-$P$4)*H43 -> 2.1999863 | I58: =(F58+(G58))*H43 -> 40.952159 | J58: =E58-I58 -> 0.047841439 | K58: =ABS(J58) -> 0.047841439 | M58: =AVERAGE(E58:E72) -> 41.333333 | O58: =$V$2*D58+$V$3 -> 41.459281 | P58: =E58-O58 -> -0.45928062 | Q58: =P58*P58 -> 0.21093869
C59: round 5 | D59: 53 | E59: 12 | F59: =$P$2*(E59/H44)+(1-$P$2)*(F58+G58) -> 33.080056 | G59: =$P$3*(F59-F58)+(1-$P$3)*G58 -> -0.026121905 | H59: =$P$4*(E59/F59)+(1-$P$4)*H44 -> 0.36275633 | I59: =(F59+(G59))*H44 -> 11.985945 | J59: =E59-I59 -> 0.014054729 | K59: =ABS(J59) -> 0.014054729 | M59: =AVERAGE(E59:E73) -> 44.466667 | O59: =$V$2*D59+$V$3 -> 41.459281 | P59: =E59-O59 -> -29.459281 | Q59: =P59*P59 -> 867.84921
D60: 54 | E60: 32 | F60: =$P$2*(E60/H45)+(1-$P$2)*(F59+G59) -> 15.821932 | G60: =$P$3*(F60-F59)+(1-$P$3)*G59 -> -0.070926816 | H60: =$P$4*(E60/F60)+(1-$P$4)*H45 -> 2.022509 | I60: =(F60+(G60))*H45 -> 31.886801 | J60: =E60-I60 -> 0.11319864 | K60: =ABS(J60) -> 0.11319864 | M60: =AVERAGE(E60:E74) -> 45.066667 | O60: =$V$2*D60+$V$3 -> 41.459281 | P60: =E60-O60 -> -9.4592806 | Q60: =P60*P60 -> 89.47799
D61: 55 | E61: 46 | F61: =$P$2*(E61/H46)+(1-$P$2)*(F60+G60) -> 89.585473 | G61: =$P$3*(F61-F60)+(1-$P$3)*G60 -> 0.12105011 | H61: =$P$4*(E61/F61)+(1-$P$4)*H46 -> 0.51347611 | I61: =(F61+(G61))*H46 -> 46.029111 | J61: =E61-I61 -> -0.029110734 | K61: =ABS(J61) -> 0.029110734 | M61: =AVERAGE(E61:E75) -> 45.133333 | O61: =$V$2*D61+$V$3 -> 41.459281 | P61: =E61-O61 -> 4.5407194 | Q61: =P61*P61 -> 20.618132 | W61: average of new years | Y61: average last years
D62: 56 | E62: 23 | F62: =$P$2*(E62/H47)+(1-$P$2)*(F61+G61) -> 29.400488 | G62: =$P$3*(F62-F61)+(1-$P$3)*G61 -> -0.035751554 | H62: =$P$4*(E62/F62)+(1-$P$4)*H47 -> 0.78229995 | I62: =(F62+(G62))*H47 -> 23.01315 | J62: =E62-I62 -> -0.013150497 | K62: =ABS(J62) -> 0.013150497 | M62: =AVERAGE(E62:E76) -> 44.733333 | O62: =$V$2*D62+$V$3 -> 41.459281 | P62: =E62-O62 -> -18.459281 | Q62: =P62*P62 -> 340.74504 | W62: =AVERAGE(E85:E110) -> 39.814308 | Y62: =AVERAGE(E59:E84) -> 42.5
D63: 57 | E63: 58 | F63: =$P$2*(E63/H48)+(1-$P$2)*(F62+G62) -> 149.82168 | G63: =$P$3*(F63-F62)+(1-$P$3)*G62 -> 0.27744843 | H63: =$P$4*(E63/F63)+(1-$P$4)*H48 -> 0.38712687 | I63: =(F63+(G63))*H48 -> 58.066741 | J63: =E63-I63 -> -0.066740553 | K63: =ABS(J63) -> 0.066740553 | M63: =AVERAGE(E63:E77) -> 45.533333 | O63: =$V$2*D63+$V$3 -> 41.459281 | P63: =E63-O63 -> 16.540719 | Q63: =P63*P63 -> 273.5954 | V63: new/old | W63: =W62/Y62 -> 0.93680725
D64: 58 | E64: 46 | F64: =$P$2*(E64/H49)+(1-$P$2)*(F63+G63) -> 67.124305 | G64: =$P$3*(F64-F63)+(1-$P$3)*G63 -> 0.061705669 | H64: =$P$4*(E64/F64)+(1-$P$4)*H49 -> 0.68529573 | I64: =(F64+(G64))*H49 -> 46.091917 | J64: =E64-I64 -> -0.091917386 | K64: =ABS(J64) -> 0.091917386 | M64: =AVERAGE(E64:E78) -> 44.666667 | O64: =$V$2*D64+$V$3 -> 41.459281 | P64: =E64-O64 -> 4.5407194 | Q64: =P64*P64 -> 20.618132
D65: 59 | E65: 67 | F65: =$P$2*(E65/H50)+(1-$P$2)*(F64+G64) -> 54.539414 | G65: =$P$3*(F65-F64)+(1-$P$3)*G64 -> 0.028823266 | H65: =$P$4*(E65/F65)+(1-$P$4)*H50 -> 1.2284694 | I65: =(F65+(G65))*H50 -> 67.048951 | J65: =E65-I65 -> -0.048951495 | K65: =ABS(J65) -> 0.048951495 | M65: =AVERAGE(E65:E79) -> 44.133333 | O65: =$V$2*D65+$V$3 -> 41.459281 | P65: =E65-O65 -> 25.540719 | Q65: =P65*P65 -> 652.32835
D66: 60 | E66: 58 | F66: =$P$2*(E66/H51)+(1-$P$2)*(F65+G65) -> 83.673221 | G66: =$P$3*(F66-F65)+(1-$P$3)*G65 -> 0.1044991 | H66: =$P$4*(E66/F66)+(1-$P$4)*H51 -> 0.69317279 | I66: =(F66+(G66))*H51 -> 58.054845 | J66: =E66-I66 -> -0.054845407 | K66: =ABS(J66) -> 0.054845407 | M66: =AVERAGE(E66:E80) -> 44.066667 | O66: =$V$2*D66+$V$3 -> 41.459281 | P66: =E66-O66 -> 16.540719 | Q66: =P66*P66 -> 273.5954
D67: 61 | E67: 68 | F67: =$P$2*(E67/H52)+(1-$P$2)*(F66+G66) -> 42.269841 | G67: =$P$3*(F67-F66)+(1-$P$3)*G66 -> -0.0034254903 | H67: =$P$4*(E67/F67)+(1-$P$4)*H52 -> 1.608712 | I67: =(F67+(G67))*H52 -> 68.0527 | J67: =E67-I67 -> -0.052700343 | K67: =ABS(J67) -> 0.052700343 | M67: =AVERAGE(E67:E81) -> 42.4 | O67: =$V$2*D67+$V$3 -> 41.459281 | P67: =E67-O67 -> 26.540719 | Q67: =P67*P67 -> 704.40978
D68: 62 | E68: 15 | F68: =$P$2*(E68/H53)+(1-$P$2)*(F67+G67) -> 6.6324318 | G68: =$P$3*(F68-F67)+(1-$P$3)*G67 -> -0.096077373 | H68: =$P$4*(E68/F68)+(1-$P$4)*H53 -> 2.2616139 | I68: =(F68+(G68))*H53 -> 14.852219 | J68: =E68-I68 -> 0.14778069 | K68: =ABS(J68) -> 0.14778069 | M68: =AVERAGE(E68:E82) -> 41.933333 | O68: =$V$2*D68+$V$3 -> 41.459281 | P68: =E68-O68 -> -26.459281 | Q68: =P68*P68 -> 700.09353
D69: 63 | E69: 32 | F69: =$P$2*(E69/H54)+(1-$P$2)*(F68+G68) -> 46.706696 | G69: =$P$3*(F69-F68)+(1-$P$3)*G68 -> 0.0083694897 | H69: =$P$4*(E69/F69)+(1-$P$4)*H54 -> 0.68512661 | I69: =(F69+(G69))*H54 -> 31.981774 | J69: =E69-I69 -> 0.018225931 | K69: =ABS(J69) -> 0.018225931 | M69: =AVERAGE(E69:E83) -> 42.666667 | O69: =$V$2*D69+$V$3 -> 41.459281 | P69: =E69-O69 -> -9.4592806 | Q69: =P69*P69 -> 89.47799
D70: 64 | E70: 41 | F70: =$P$2*(E70/H55)+(1-$P$2)*(F69+G69) -> 62.543848 | G70: =$P$3*(F70-F69)+(1-$P$3)*G69 -> 0.049525892 | H70: =$P$4*(E70/F70)+(1-$P$4)*H55 -> 0.65554009 | I70: =(F70+(G70))*H55 -> 41.023422 | J70: =E70-I70 -> -0.023422337 | K70: =ABS(J70) -> 0.023422337 | M70: =AVERAGE(E70:E84) -> 43.2 | O70: =$V$2*D70+$V$3 -> 41.459281 | P70: =E70-O70 -> -0.45928062 | Q70: =P70*P70 -> 0.21093869
D71: 65 | E71: 18 | F71: =$P$2*(E71/H56)+(1-$P$2)*(F70+G70) -> 40.531145 | G71: =$P$3*(F71-F70)+(1-$P$3)*G70 -> -0.0078380886 | H71: =$P$4*(E71/F71)+(1-$P$4)*H56 -> 0.44410293 | I71: =(F71+(G71))*H56 -> 18.005056 | J71: =E71-I71 -> -0.0050562643 | K71: =ABS(J71) -> 0.0050562643
D72: 66 | E72: 63 | F72: =$P$2*(E72/H57)+(1-$P$2)*(F71+G71) -> 162.13716 | G72: =$P$3*(F72-F71)+(1-$P$3)*G71 -> 0.30836998 | H72: =$P$4*(E72/F72)+(1-$P$4)*H57 -> 0.3885599 | I72: =(F72+(G72))*H57 -> 63.078606 | J72: =E72-I72 -> -0.078606457 | K72: =ABS(J72) -> 0.078606457
D73: 67 | E73: 88 | F73: =$P$2*(E73/H58)+(1-$P$2)*(F72+G72) -> 40.106817 | G73: =$P$3*(F73-F72)+(1-$P$3)*G72 -> -0.0097227953 | H73: =$P$4*(E73/F73)+(1-$P$4)*H58 -> 2.1941407 | I73: =(F73+(G73))*H58 -> 88.213056 | J73: =E73-I73 -> -0.21305631 | K73: =ABS(J73) -> 0.21305631
D74: 68 | E74: 21 | F74: =$P$2*(E74/H59)+(1-$P$2)*(F73+G73) -> 57.874613 | G74: =$P$3*(F74-F73)+(1-$P$3)*G73 -> 0.036500513 | H74: =$P$4*(E74/F74)+(1-$P$4)*H59 -> 0.3628534 | I74: =(F74+(G74))*H59 -> 21.007623 | J74: =E74-I74 -> -0.0076232586 | K74: =ABS(J74) -> 0.0076232586
D75: 69 | E75: 33 | F75: =$P$2*(E75/H60)+(1-$P$2)*(F74+G74) -> 16.352568 | G75: =$P$3*(F75-F74)+(1-$P$3)*G74 -> -0.071555817 | H75: =$P$4*(E75/F75)+(1-$P$4)*H60 -> 2.0180316 | I75: =(F75+(G75))*H60 -> 32.928494 | J75: =E75-I75 -> 0.071505551 | K75: =ABS(J75) -> 0.071505551
D76: 70 | E76: 40 | F76: =$P$2*(E76/H61)+(1-$P$2)*(F75+G75) -> 77.846783 | G76: =$P$3*(F76-F75)+(1-$P$3)*G75 -> 0.088521278 | H76: =$P$4*(E76/F76)+(1-$P$4)*H61 -> 0.51382984 | I76: =(F76+(G76))*H61 -> 40.017916 | J76: =E76-I76 -> -0.017916404 | K76: =ABS(J76) -> 0.017916404
D77: 71 | E77: 35 | F77: =$P$2*(E77/H62)+(1-$P$2)*(F76+G76) -> 44.768763 | G77: =$P$3*(F77-F76)+(1-$P$3)*G76 -> 0.0022849898 | H77: =$P$4*(E77/F77)+(1-$P$4)*H62 -> 0.78179511 | I77: =(F77+(G77))*H62 -> 35.024389 | J77: =E77-I77 -> -0.024388827 | K77: =ABS(J77) -> 0.024388827
D78: 72 | E78: 45 | F78: =$P$2*(E78/H63)+(1-$P$2)*(F77+G77) -> 116.17876 | G78: =$P$3*(F78-F77)+(1-$P$3)*G77 -> 0.18795211 | H78: =$P$4*(E78/F78)+(1-$P$4)*H63 -> 0.38733414 | I78: =(F78+(G78))*H63 -> 45.048681 | J78: =E78-I78 -> -0.048681228 | K78: =ABS(J78) -> 0.048681228
D79: 73 | E79: 38 | F79: =$P$2*(E79/H64)+(1-$P$2)*(F78+G78) -> 55.50353 | G79: =$P$3*(F79-F78)+(1-$P$3)*G78 -> 0.02970181 | H79: =$P$4*(E79/F79)+(1-$P$4)*H64 -> 0.68464114 | I79: =(F79+(G79))*H64 -> 38.056687 | J79: =E79-I79 -> -0.056686768 | K79: =ABS(J79) -> 0.056686768
D80: 74 | E80: 66 | F80: =$P$2*(E80/H65)+(1-$P$2)*(F79+G79) -> 53.726966 | G80: =$P$3*(F80-F79)+(1-$P$3)*G79 -> 0.025005342 | H80: =$P$4*(E80/F80)+(1-$P$4)*H65 -> 1.2284334 | I80: =(F80+(G80))*H65 -> 66.032651 | J80: =E80-I80 -> -0.032651179 | K80: =ABS(J80) -> 0.032651179
D81: 75 | E81: 33 | F81: =$P$2*(E81/H66)+(1-$P$2)*(F80+G80) -> 47.612525 | G81: =$P$3*(F81-F80)+(1-$P$3)*G80 -> 0.0090421735 | H81: =$P$4*(E81/F81)+(1-$P$4)*H66 -> 0.69309493 | I81: =(F81+(G81))*H66 -> 33.009975 | J81: =E81-I81 -> -0.0099748542 | K81: =ABS(J81) -> 0.0099748542
D82: 76 | E82: 61 | F82: =$P$2*(E82/H67)+(1-$P$2)*(F81+G81) -> 37.926978 | G82: =$P$3*(F82-F81)+(1-$P$3)*G81 -> -0.016164718 | H82: =$P$4*(E82/F82)+(1-$P$4)*H67 -> 1.6083538 | I82: =(F82+(G82))*H67 -> 60.987581 | J82: =E82-I82 -> 0.012419137 | K82: =ABS(J82) -> 0.012419137
... D110: 104 | E110: 14.172013 | F110: =$P$2*(E110/H95)+(1-$P$2)*(F109+G109) -> 11.559235 | G110: =$P$3*(F110-F109)+(1-$P$3)*G109 -> -0.088583384 | H110: =$P$4*(E110/F110)+(1-$P$4)*H95 -> 1.2260338 | I110: =(F110+(G110))*H95 -> 14.091779 | J110: =E110-I110 -> 0.08023394 | K110: =ABS(J110) -> 0.08023394

Sheet orange cpower1liter
O2: alpha | P2: 1 | U2: coefii dir | V2: 0
O3: bet | P3: 0 | Q3: error2 | R3: =SUM(K21:K84) -> 1.2718993e-14 | U3: origine | V3: 11.09902
O4: gamma | P4: 1 | U4: sum | V4: =SUM(Q7:Q70) -> 3097.6766
V5: =COUNT($P$2:$P$4) -> 3
D6: period | E6: Y | F6: level | G6: trend | H6: season | I6: forcast | J6: error | K6: abs error | L6: average regression | O6: y | P6: erro | Q6: error2
C7: round3 | D7: 1 | E7: 24.043478 | H7: =E7/$A$44 -> 2.1294431 | M7: =AVERAGE(E7:E21) -> 11.29097 | O7: =$V$2*D7+$V$3 -> 11.09902 | P7: =E7-O7 -> 12.944458 | Q7: =P7*P7 -> 167.55899
D8: 2 | E8: 2.3333333 | H8: =E8/$A$44 -> 0.20665481 | M8: =AVERAGE(E8:E22) -> 10.440979 | O8: =$V$2*D8+$V$3 -> 11.09902 | P8: =E8-O8 -> -8.7656868 | Q8: =P8*P8 -> 76.837266
D9: 3 | E9: 6.3913045 | H9: =E9/$A$44 -> 0.5660545 | M9: =AVERAGE(E9:E23) -> 10.895888 | O9: =$V$2*D9+$V$3 -> 11.09902 | P9: =E9-O9 -> -4.7077156 | Q9: =P9*P9 -> 22.162586
D10: 4 | E10: 11.362319 | H10: =E10/$A$44 -> 1.0063191 | M10: =AVERAGE(E10:E24) -> 11.127747 | O10: =$V$2*D10+$V$3 -> 11.09902 | P10: =E10-O10 -> 0.26329887 | Q10: =P10*P10 -> 0.069326295
D11: 5 | E11: 11.057971 | H11: =E11/$A$44 -> 0.97936412 | M11: =AVERAGE(E11:E25) -> 11.285957 | O11: =$V$2*D11+$V$3 -> 11.09902 | P11: =E11-O11 -> -0.04104913 | Q11: =P11*P11 -> 0.0016850311
D12: 6 | E12: 14.304348 | H12: =E12/$A$44 -> 1.2668839 | M12: =AVERAGE(E12:E26) -> 11.132092 | O12: =$V$2*D12+$V$3 -> 11.09902 | P12: =E12-O12 -> 3.2053279 | Q12: =P12*P12 -> 10.274127
D13: 7 | E13: 18.057972 | H13: =E13/$A$44 -> 1.5993286 | M13: =AVERAGE(E13:E27) -> 10.476307 | O13: =$V$2*D13+$V$3 -> 11.09902 | P13: =E13-O13 -> 6.9589519 | Q13: =P13*P13 -> 48.427011
D14: 8 | E14: 7.811594 | H14: =E14/$A$44 -> 0.69184436 | M14: =AVERAGE(E14:E28) -> 10.74302 | O14: =$V$2*D14+$V$3 -> 11.09902 | P14: =E14-O14 -> -3.2874261 | Q14: =P14*P14 -> 10.807171
D15: 9 | E15: 16.130434 | H15: =E15/$A$44 -> 1.4286136 | M15: =AVERAGE(E15:E29) -> 10.545843 | O15: =$V$2*D15+$V$3 -> 11.09902 | P15: =E15-O15 -> 5.0314139 | Q15: =P15*P15 -> 25.315126
D16: 10 | E16: 7.1014495 | H16: =E16/$A$44 -> 0.62894945 | M16: =AVERAGE(E16:E30) -> 10.39036 | O16: =$V$2*D16+$V$3 -> 11.09902 | P16: =E16-O16 -> -3.9975706 | Q16: =P16*P16 -> 15.980571
D17: 11 | E17: 10.174418 | H17: =E17/$A$44 -> 0.90111105 | M17: =AVERAGE(E17:E31) -> 11.887413 | O17: =$V$2*D17+$V$3 -> 11.09902 | P17: =E17-O17 -> -0.92460213 | Q17: =P17*P17 -> 0.8548891
D18: 12 | E18: 3.2558138 | H18: =E18/$A$44 -> 0.28835554 | M18: =AVERAGE(E18:E32) -> 11.564578 | O18: =$V$2*D18+$V$3 -> 11.09902 | P18: =E18-O18 -> -7.8432063 | Q18: =P18*P18 -> 61.515886
D19: 13 | E19: 13.430233 | H19: =E19/$A$44 -> 1.1894667 | M19: =AVERAGE(E19:E33) -> 12.480857 | O19: =$V$2*D19+$V$3 -> 11.09902 | P19: =E19-O19 -> 2.3312129 | Q19: =P19*P19 -> 5.4345534
D20: 14 | E20: 14.040698 | H20: =E20/$A$44 -> 1.2435334 | M20: =AVERAGE(E20:E34) -> 12.118842 | O20: =$V$2*D20+$V$3 -> 11.09902 | P20: =E20-O20 -> 2.9416779 | Q20: =P20*P20 -> 8.6534687
D21: 15 | E21: 9.869186 | F21: =V3 -> 11.09902 | G21: =V2 -> 0 | H21: =E21/$A$44 -> 0.87407777 | M21: =AVERAGE(E21:E35) -> 11.916128 | O21: =$V$2*D21+$V$3 -> 11.09902 | P21: =E21-O21 -> -1.2298341 | Q21: =P21*P21 -> 1.512492
D22: 16 | E22: 11.293605 | F22: =$P$2*(E22/H7)+(1-$P$2)*(F21+G21) -> 5.3035487 | G22: =$P$3*(F22-F21)+(1-$P$3)*G21 -> 0 | H22: =$P$4*(E22/F22)+(1-$P$4)*H7 -> 2.1294431 | I22: =(F22+(G22))*H7 -> 11.293605 | J22: =E22-I22 -> 0 | K22: =ABS(J22) -> 0 | M22: =AVERAGE(E22:E36) -> 11.324849 | O22: =$V$2*D22+$V$3 -> 11.09902 | P22: =E22-O22 -> 0.19458487 | Q22: =P22*P22 -> 0.037863271
D23: 17 | E23: 9.156977 | F23: =$P$2*(E23/H8)+(1-$P$2)*(F22+G22) -> 44.310495 | G23: =$P$3*(F23-F22)+(1-$P$3)*G22 -> 0 | H23: =$P$4*(E23/F23)+(1-$P$4)*H8 -> 0.20665481 | I23: =(F23+(G23))*H8 -> 9.156977 | J23: =E23-I23 -> 0 | K23: =ABS(J23) -> 0 | M23: =AVERAGE(E23:E37) -> 11.238609 | O23: =$V$2*D23+$V$3 -> 11.09902 | P23: =E23-O23 -> -1.9420431 | Q23: =P23*P23 -> 3.7715315
D24: 18 | E24: 9.869186 | F24: =$P$2*(E24/H9)+(1-$P$2)*(F23+G23) -> 17.435045 | G24: =$P$3*(F24-F23)+(1-$P$3)*G23 -> 0 | H24: =$P$4*(E24/F24)+(1-$P$4)*H9 -> 0.5660545 | I24: =(F24+(G24))*H9 -> 9.869186 | J24: =E24-I24 -> 0 | K24: =ABS(J24) -> 0 | M24: =AVERAGE(E24:E38) -> 11.361477 | O24: =$V$2*D24+$V$3 -> 11.09902 | P24: =E24-O24 -> -1.2298341 | Q24: =P24*P24 -> 1.512492
D25: 19 | E25: 13.735465 | F25: =$P$2*(E25/H10)+(1-$P$2)*(F24+G24) -> 13.649214 | G25: =$P$3*(F25-F24)+(1-$P$3)*G24 -> 0 | H25: =$P$4*(E25/F25)+(1-$P$4)*H10 -> 1.0063191 | I25: =(F25+(G25))*H10 -> 13.735465 | J25: =E25-I25 -> 0 | K25: =ABS(J25) -> 0 | M25: =AVERAGE(E25:E39) -> 10.770198 | O25: =$V$2*D25+$V$3 -> 11.09902 | P25: =E25-O25 -> 2.6364449 | Q25: =P25*P25 -> 6.9508416
D26: 20 | E26: 8.75 | F26: =$P$2*(E26/H11)+(1-$P$2)*(F25+G25) -> 8.9343686 | G26: =$P$3*(F26-F25)+(1-$P$3)*G25 -> 0 | H26: =$P$4*(E26/F26)+(1-$P$4)*H11 -> 0.97936412 | I26: =(F26+(G26))*H11 -> 8.75 | J26: =E26-I26 -> 0 | K26: =ABS(J26) -> 0 | M26: =AVERAGE(E26:E40) -> 11.921167 | O26: =$V$2*D26+$V$3 -> 11.09902 | P26: =E26-O26 -> -2.3490201 | Q26: =P26*P26 -> 5.5178956
D27: 21 | E27: 4.4675746 | F27: =$P$2*(E27/H12)+(1-$P$2)*(F26+G26) -> 3.5264279 | G27: =$P$3*(F27-F26)+(1-$P$3)*G26 -> 0 | H27: =$P$4*(E27/F27)+(1-$P$4)*H12 -> 1.2668839 | I27: =(F27+(G27))*H12 -> 4.4675746 | J27: =E27-I27 -> 0 | K27: =ABS(J27) -> 0 | M27: =AVERAGE(E27:E41) -> 12.071167 | O27: =$V$2*D27+$V$3 -> 11.09902 | P27: =E27-O27 -> -6.6314455 | Q27: =P27*P27 -> 43.97607
D28: 22 | E28: 22.05867 | F28: =$P$2*(E28/H13)+(1-$P$2)*(F27+G27) -> 13.792456 | G28: =$P$3*(F28-F27)+(1-$P$3)*G27 -> 0 | H28: =$P$4*(E28/F28)+(1-$P$4)*H13 -> 1.5993286 | I28: =(F28+(G28))*H13 -> 22.05867 | J28: =E28-I28 -> 0 | K28: =ABS(J28) -> 0 | M28: =AVERAGE(E28:E42) -> 12.239995 | O28: =$V$2*D28+$V$3 -> 11.09902 | P28: =E28-O28 -> 10.95965 | Q28: =P28*P28 -> 120.11393
D29: 23 | E29: 4.853928 | F29: =$P$2*(E29/H14)+(1-$P$2)*(F28+G28) -> 7.0159248 | G29: =$P$3*(F29-F28)+(1-$P$3)*G28 -> 0 | H29: =$P$4*(E29/F29)+(1-$P$4)*H14 -> 0.69184436 | I29: =(F29+(G29))*H14 -> 4.853928 | J29: =E29-I29 -> 0 | K29: =ABS(J29) -> 0 | M29: =AVERAGE(E29:E43) -> 11.302751 | O29: =$V$2*D29+$V$3 -> 11.09902 | P29: =E29-O29 -> -6.2450921 | Q29: =P29*P29 -> 39.001176
D30: 24 | E30: 13.798203 | F30: =$P$2*(E30/H15)+(1-$P$2)*(F29+G29) -> 9.6584567 | G30: =$P$3*(F30-F29)+(1-$P$3)*G29 -> 0 | H30: =$P$4*(E30/F30)+(1-$P$4)*H15 -> 1.4286136 | I30: =(F30+(G30))*H15 -> 13.798203 | J30: =E30-I30 -> 0 | K30: =ABS(J30) -> 0 | M30: =AVERAGE(E30:E44) -> 11.379156 | O30: =$V$2*D30+$V$3 -> 11.09902 | P30: =E30-O30 -> 2.6991829 | Q30: =P30*P30 -> 7.2855882
D31: 25 | E31: 29.557245 | F31: =$P$2*(E31/H16)+(1-$P$2)*(F30+G30) -> 46.994627 | G31: =$P$3*(F31-F30)+(1-$P$3)*G30 -> 0 | H31: =$P$4*(E31/F31)+(1-$P$4)*H16 -> 0.62894945 | I31: =(F31+(G31))*H16 -> 29.557245 | J31: =E31-I31 -> 0 | K31: =ABS(J31) -> 0 | M31: =AVERAGE(E31:E45) -> 11.725942 | O31: =$V$2*D31+$V$3 -> 11.09902 | P31: =E31-O31 -> 18.458225 | Q31: =P31*P31 -> 340.70607
D32: 26 | E32: 5.331885 | F32: =$P$2*(E32/H17)+(1-$P$2)*(F31+G31) -> 5.9170121 | G32: =$P$3*(F32-F31)+(1-$P$3)*G31 -> 0 | H32: =$P$4*(E32/F32)+(1-$P$4)*H17 -> 0.90111105 | I32: =(F32+(G32))*H17 -> 5.331885 | J32: =E32-I32 -> 0 | K32: =ABS(J32) -> 0 | M32: =AVERAGE(E32:E46) -> 9.8221257 | O32: =$V$2*D32+$V$3 -> 11.09902 | P32: =E32-O32 -> -5.7671351 | Q32: =P32*P32 -> 33.259848
C33: round4 | D33: 27 | E33: 17 | F33: =$P$2*(E33/H18)+(1-$P$2)*(F32+G32) -> 58.954997 | G33: =$P$3*(F33-F32)+(1-$P$3)*G32 -> 0 | H33: =$P$4*(E33/F33)+(1-$P$4)*H18 -> 0.28835554 | I33: =(F33+(G33))*H18 -> 17 | J33: =E33-I33 -> 0 | K33: =ABS(J33) -> 0 | M33: =AVERAGE(E33:E47) -> 11.533333 | O33: =$V$2*D33+$V$3 -> 11.09902 | P33: =E33-O33 -> 5.9009799 | Q33: =P33*P33 -> 34.821563
D34: 28 | E34: 8 | F34: =$P$2*(E34/H19)+(1-$P$2)*(F33+G33) -> 6.7257032 | G34: =$P$3*(F34-F33)+(1-$P$3)*G33 -> 0 | H34: =$P$4*(E34/F34)+(1-$P$4)*H19 -> 1.1894667 | I34: =(F34+(G34))*H19 -> 8 | J34: =E34-I34 -> 0 | K34: =ABS(J34) -> 0 | M34: =AVERAGE(E34:E48) -> 11.066667 | O34: =$V$2*D34+$V$3 -> 11.09902 | P34: =E34-O34 -> -3.0990201 | Q34: =P34*P34 -> 9.6039258
D35: 29 | E35: 11 | F35: =$P$2*(E35/H20)+(1-$P$2)*(F34+G34) -> 8.8457619 | G35: =$P$3*(F35-F34)+(1-$P$3)*G34 -> 0 | H35: =$P$4*(E35/F35)+(1-$P$4)*H20 -> 1.2435334 | I35: =(F35+(G35))*H20 -> 11 | J35: =E35-I35 -> 0 | K35: =ABS(J35) -> 0 | M35: =AVERAGE(E35:E49) -> 11.2 | O35: =$V$2*D35+$V$3 -> 11.09902 | P35: =E35-O35 -> -0.09902013 | Q35: =P35*P35 -> 0.0098049862
D36: 30 | E36: 1 | F36: =$P$2*(E36/H21)+(1-$P$2)*(F35+G35) -> 1.144063 | G36: =$P$3*(F36-F35)+(1-$P$3)*G35 -> 0 | H36: =$P$4*(E36/F36)+(1-$P$4)*H21 -> 0.87407777 | I36: =(F36+(G36))*H21 -> 1 | J36: =E36-I36 -> 0 | K36: =ABS(J36) -> 0 | M36: =AVERAGE(E36:E50) -> 11.2 | O36: =$V$2*D36+$V$3 -> 11.09902 | P36: =E36-O36 -> -10.09902 | Q36: =P36*P36 -> 101.99021
D37: 31 | E37: 10 | F37: =$P$2*(E37/H22)+(1-$P$2)*(F36+G36) -> 4.6960636 | G37: =$P$3*(F37-F36)+(1-$P$3)*G36 -> 0 | H37: =$P$4*(E37/F37)+(1-$P$4)*H22 -> 2.1294431 | I37: =(F37+(G37))*H22 -> 10 | J37: =E37-I37 -> 0 | K37: =ABS(J37) -> 0 | M37: =AVERAGE(E37:E51) -> 12 | O37: =$V$2*D37+$V$3 -> 11.09902 | P37: =E37-O37 -> -1.0990201 | Q37: =P37*P37 -> 1.2078452
D38: 32 | E38: 11 | F38: =$P$2*(E38/H23)+(1-$P$2)*(F37+G37) -> 53.22886 | G38: =$P$3*(F38-F37)+(1-$P$3)*G37 -> 0 | H38: =$P$4*(E38/F38)+(1-$P$4)*H23 -> 0.20665481 | I38: =(F38+(G38))*H23 -> 11 | J38: =E38-I38 -> 0 | K38: =ABS(J38) -> 0 | M38: =AVERAGE(E38:E52) -> 12 | O38: =$V$2*D38+$V$3 -> 11.09902 | P38: =E38-O38 -> -0.09902013 | Q38: =P38*P38 -> 0.0098049862
D39: 33 | E39: 1 | F39: =$P$2*(E39/H24)+(1-$P$2)*(F38+G38) -> 1.7666143 | G39: =$P$3*(F39-F38)+(1-$P$3)*G38 -> 0 | H39: =$P$4*(E39/F39)+(1-$P$4)*H24 -> 0.5660545 | I39: =(F39+(G39))*H24 -> 1 | J39: =E39-I39 -> -3.3306691e-15 | K39: =ABS(J39) -> 3.3306691e-15 | M39: =AVERAGE(E39:E53) -> 11.27 | O39: =$V$2*D39+$V$3 -> 11.09902 | P39: =E39-O39 -> -10.09902 | Q39: =P39*P39 -> 101.99021
D40: 34 | E40: 31 | F40: =$P$2*(E40/H25)+(1-$P$2)*(F39+G39) -> 30.805338 | G40: =$P$3*(F40-F39)+(1-$P$3)*G39 -> 0 | H40: =$P$4*(E40/F40)+(1-$P$4)*H25 -> 1.0063191 | I40: =(F40+(G40))*H25 -> 31 | J40: =E40-I40 -> 0 | K40: =ABS(J40) -> 0 | M40: =AVERAGE(E40:E54) -> 11.936667 | O40: =$V$2*D40+$V$3 -> 11.09902 | P40: =E40-O40 -> 19.90098 | Q40: =P40*P40 -> 396.049
D41: 35 | E41: 11 | F41: =$P$2*(E41/H26)+(1-$P$2)*(F40+G40) -> 11.231778 | G41: =$P$3*(F41-F40)+(1-$P$3)*G40 -> 0 | H41: =$P$4*(E41/F41)+(1-$P$4)*H26 -> 0.97936412 | I41: =(F41+(G41))*H26 -> 11 | J41: =E41-I41 -> 0 | K41: =ABS(J41) -> 0 | M41: =AVERAGE(E41:E55) -> 10.603333 | O41: =$V$2*D41+$V$3 -> 11.09902 | P41: =E41-O41 -> -0.09902013 | Q41: =P41*P41 -> 0.0098049862
D42: 36 | E42: 7 | F42: =$P$2*(E42/H27)+(1-$P$2)*(F41+G41) -> 5.5253683 | G42: =$P$3*(F42-F41)+(1-$P$3)*G41 -> 0 | H42: =$P$4*(E42/F42)+(1-$P$4)*H27 -> 1.2668839 | I42: =(F42+(G42))*H27 -> 7 | J42: =E42-I42 -> 0 | K42: =ABS(J42) -> 0 | M42: =AVERAGE(E42:E56) -> 9.8733333 | O42: =$V$2*D42+$V$3 -> 11.09902 | P42: =E42-O42 -> -4.0990201 | Q42: =P42*P42 -> 16.801966
D43: 37 | E43: 8 | F43: =$P$2*(E43/H28)+(1-$P$2)*(F42+G42) -> 5.0020989 | G43: =$P$3*(F43-F42)+(1-$P$3)*G42 -> 0 | H43: =$P$4*(E43/F43)+(1-$P$4)*H28 -> 1.5993286 | I43: =(F43+(G43))*H28 -> 8 | J43: =E43-I43 -> 0 | K43: =ABS(J43) -> 0 | M43: =AVERAGE(E43:E57) -> 10.14 | O43: =$V$2*D43+$V$3 -> 11.09902 | P43: =E43-O43 -> -3.0990201 | Q43: =P43*P43 -> 9.6039258
A44: =AVERAGE(E7:E21) -> 11.29097 | D44: 38 | E44: 6 | F44: =$P$2*(E44/H29)+(1-$P$2)*(F43+G43) -> 8.6724708 | G44: =$P$3*(F44-F43)+(1-$P$3)*G43 -> 0 | H44: =$P$4*(E44/F44)+(1-$P$4)*H29 -> 0.69184436 | I44: =(F44+(G44))*H29 -> 6 | J44: =E44-I44 -> 0 | K44: =ABS(J44) -> 0 | M44: =AVERAGE(E44:E58) -> 10.806667 | O44: =$V$2*D44+$V$3 -> 11.09902 | P44: =E44-O44 -> -5.0990201 | Q44: =P44*P44 -> 26.000006
D45: 39 | E45: 19 | F45: =$P$2*(E45/H30)+(1-$P$2)*(F44+G44) -> 13.299607 | G45: =$P$3*(F45-F44)+(1-$P$3)*G44 -> 0 | H45: =$P$4*(E45/F45)+(1-$P$4)*H30 -> 1.4286136 | I45: =(F45+(G45))*H30 -> 19 | J45: =E45-I45 -> 0 | K45: =ABS(J45) -> 0 | M45: =AVERAGE(E45:E59) -> 11.073333 | O45: =$V$2*D45+$V$3 -> 11.09902 | P45: =E45-O45 -> 7.9009799 | Q45: =P45*P45 -> 62.425483
D46: 40 | E46: 1 | F46: =$P$2*(E46/H31)+(1-$P$2)*(F45+G45) -> 1.5899529 | G46: =$P$3*(F46-F45)+(1-$P$3)*G45 -> 0 | H46: =$P$4*(E46/F46)+(1-$P$4)*H31 -> 0.62894945 | I46: =(F46+(G46))*H31 -> 1 | J46: =E46-I46 -> 0 | K46: =ABS(J46) -> 0 | M46: =AVERAGE(E46:E60) -> 10.606667 | O46: =$V$2*D46+$V$3 -> 11.09902 | P46: =E46-O46 -> -10.09902 | Q46: =P46*P46 -> 101.99021
D47: 41 | E47: 31 | F47: =$P$2*(E47/H32)+(1-$P$2)*(F46+G46) -> 34.401975 | G47: =$P$3*(F47-F46)+(1-$P$3)*G46 -> 0 | H47: =$P$4*(E47/F47)+(1-$P$4)*H32 -> 0.90111105 | I47: =(F47+(G47))*H32 -> 31 | J47: =E47-I47 -> 0 | K47: =ABS(J47) -> 0 | M47: =AVERAGE(E47:E61) -> 10.94 | O47: =$V$2*D47+$V$3 -> 11.09902 | P47: =E47-O47 -> 19.90098 | Q47: =P47*P47 -> 396.049
D48: 42 | E48: 10 | F48: =$P$2*(E48/H33)+(1-$P$2)*(F47+G47) -> 34.67941 | G48: =$P$3*(F48-F47)+(1-$P$3)*G47 -> 0 | H48: =$P$4*(E48/F48)+(1-$P$4)*H33 -> 0.28835554 | I48: =(F48+(G48))*H33 -> 10 | J48: =E48-I48 -> 0 | K48: =ABS(J48) -> 0 | M48: =AVERAGE(E48:E62) -> 9.2066667 | O48: =$V$2*D48+$V$3 -> 11.09902 | P48: =E48-O48 -> -1.0990201 | Q48: =P48*P48 -> 1.2078452
D49: 43 | E49: 10 | F49: =$P$2*(E49/H34)+(1-$P$2)*(F48+G48) -> 8.407129 | G49: =$P$3*(F49-F48)+(1-$P$3)*G48 -> 0 | H49: =$P$4*(E49/F49)+(1-$P$4)*H34 -> 1.1894667 | I49: =(F49+(G49))*H34 -> 10 | J49: =E49-I49 -> 0 | K49: =ABS(J49) -> 0 | M49: =AVERAGE(E49:E63) -> 9.14 | O49: =$V$2*D49+$V$3 -> 11.09902 | P49: =E49-O49 -> -1.0990201 | Q49: =P49*P49 -> 1.2078452
D50: 44 | E50: 11 | F50: =$P$2*(E50/H35)+(1-$P$2)*(F49+G49) -> 8.8457619 | G50: =$P$3*(F50-F49)+(1-$P$3)*G49 -> 0 | H50: =$P$4*(E50/F50)+(1-$P$4)*H35 -> 1.2435334 | I50: =(F50+(G50))*H35 -> 11 | J50: =E50-I50 -> 0 | K50: =ABS(J50) -> 0 | M50: =AVERAGE(E50:E64) -> 9.6733333 | O50: =$V$2*D50+$V$3 -> 11.09902 | P50: =E50-O50 -> -0.09902013 | Q50: =P50*P50 -> 0.0098049862
D51: 45 | E51: 13 | F51: =$P$2*(E51/H36)+(1-$P$2)*(F50+G50) -> 14.872818 | G51: =$P$3*(F51-F50)+(1-$P$3)*G50 -> 0 | H51: =$P$4*(E51/F51)+(1-$P$4)*H36 -> 0.87407777 | I51: =(F51+(G51))*H36 -> 13 | J51: =E51-I51 -> 0 | K51: =ABS(J51) -> 0 | M51: =AVERAGE(E51:E65) -> 9.14 | O51: =$V$2*D51+$V$3 -> 11.09902 | P51: =E51-O51 -> 1.9009799 | Q51: =P51*P51 -> 3.6137245
D52: 46 | E52: 10 | F52: =$P$2*(E52/H37)+(1-$P$2)*(F51+G51) -> 4.6960636 | G52: =$P$3*(F52-F51)+(1-$P$3)*G51 -> 0 | H52: =$P$4*(E52/F52)+(1-$P$4)*H37 -> 2.1294431 | I52: =(F52+(G52))*H37 -> 10 | J52: =E52-I52 -> 0 | K52: =ABS(J52) -> 0 | M52: =AVERAGE(E52:E66) -> 9.8733333 | O52: =$V$2*D52+$V$3 -> 11.09902 | P52: =E52-O52 -> -1.0990201 | Q52: =P52*P52 -> 1.2078452
D53: 47 | E53: 0.05 | F53: =$P$2*(E53/H38)+(1-$P$2)*(F52+G52) -> 0.24194936 | G53: =$P$3*(F53-F52)+(1-$P$3)*G52 -> 0 | H53: =$P$4*(E53/F53)+(1-$P$4)*H38 -> 0.20665481 | I53: =(F53+(G53))*H38 -> 0.05 | J53: =E53-I53 -> -1.0408341e-16 | K53: =ABS(J53) -> 1.0408341e-16 | M53: =AVERAGE(E53:E67) -> 9.4066667 | O53: =$V$2*D53+$V$3 -> 11.09902 | P53: =E53-O53 -> -11.04902 | Q53: =P53*P53 -> 122.08085
D54: 48 | E54: 11 | F54: =$P$2*(E54/H39)+(1-$P$2)*(F53+G53) -> 19.432758 | G54: =$P$3*(F54-F53)+(1-$P$3)*G53 -> 0 | H54: =$P$4*(E54/F54)+(1-$P$4)*H39 -> 0.5660545 | I54: =(F54+(G54))*H39 -> 11 | J54: =E54-I54 -> 0 | K54: =ABS(J54) -> 0 | M54: =AVERAGE(E54:E68) -> 10.67 | O54: =$V$2*D54+$V$3 -> 11.09902 | P54: =E54-O54 -> -0.09902013 | Q54: =P54*P54 -> 0.0098049862
D55: 49 | E55: 11 | F55: =$P$2*(E55/H40)+(1-$P$2)*(F54+G54) -> 10.930926 | G55: =$P$3*(F55-F54)+(1-$P$3)*G54 -> 0 | H55: =$P$4*(E55/F55)+(1-$P$4)*H40 -> 1.0063191 | I55: =(F55+(G55))*H40 -> 11 | J55: =E55-I55 -> 0 | K55: =ABS(J55) -> 0 | M55: =AVERAGE(E55:E69) -> 10.536667 | O55: =$V$2*D55+$V$3 -> 11.09902 | P55: =E55-O55 -> -0.09902013 | Q55: =P55*P55 -> 0.0098049862
D56: 50 | E56: 0.05 | F56: =$P$2*(E56/H41)+(1-$P$2)*(F55+G55) -> 0.051053535 | G56: =$P$3*(F56-F55)+(1-$P$3)*G55 -> 0 | H56: =$P$4*(E56/F56)+(1-$P$4)*H41 -> 0.97936412 | I56: =(F56+(G56))*H41 -> 0.05 | J56: =E56-I56 -> -1.179612e-15 | K56: =ABS(J56) -> 1.179612e-15 | M56: =AVERAGE(E56:E70) -> 10.603333 | O56: =$V$2*D56+$V$3 -> 11.09902 | P56: =E56-O56 -> -11.04902 | Q56: =P56*P56 -> 122.08085
... D58: 52 | E58: 18 | F58: =$P$2*(E58/H43)+(1-$P$2)*(F57+G57) -> 11.254722 | G58: =$P$3*(F58-F57)+(1-$P$3)*G57 -> 0 | H58: =$P$4*(E58/F58)+(1-$P$4)*H43 -> 1.5993286 | I58: =(F58+(G58))*H43 -> 18 | J58: =E58-I58 -> 0 | K58: =ABS(J58) -> 0 | M58: =AVERAGE(E58:E72) -> 11.2 | O58: =$V$2*D58+$V$3 -> 11.09902 | P58: =E58-O58 -> 6.9009799 | Q58: =P58*P58 -> 47.623523
C59: round 5 | D59: 53 | E59: 10 | F59: =$P$2*(E59/H44)+(1-$P$2)*(F58+G58) -> 14.454118 | G59: =$P$3*(F59-F58)+(1-$P$3)*G58 -> 0 | H59: =$P$4*(E59/F59)+(1-$P$4)*H44 -> 0.69184436 | I59: =(F59+(G59))*H44 -> 10 | J59: =E59-I59 -> 0 | K59: =ABS(J59) -> 0 | M59: =AVERAGE(E59:E73) -> 11.533333 | O59: =$V$2*D59+$V$3 -> 11.09902 | P59: =E59-O59 -> -1.0990201 | Q59: =P59*P59 -> 1.2078452
D60: 54 | E60: 12 | F60: =$P$2*(E60/H45)+(1-$P$2)*(F59+G59) -> 8.3997518 | G60: =$P$3*(F60-F59)+(1-$P$3)*G59 -> 0 | H60: =$P$4*(E60/F60)+(1-$P$4)*H45 -> 1.4286136 | I60: =(F60+(G60))*H45 -> 12 | J60: =E60-I60 -> 0 | K60: =ABS(J60) -> 0 | M60: =AVERAGE(E60:E74) -> 10.9 | O60: =$V$2*D60+$V$3 -> 11.09902 | P60: =E60-O60 -> 0.90097987 | Q60: =P60*P60 -> 0.81176473
D61: 55 | E61: 6 | F61: =$P$2*(E61/H46)+(1-$P$2)*(F60+G60) -> 9.5397173 | G61: =$P$3*(F61-F60)+(1-$P$3)*G60 -> 0 | H61: =$P$4*(E61/F61)+(1-$P$4)*H46 -> 0.62894945 | I61: =(F61+(G61))*H46 -> 6 | J61: =E61-I61 -> 0 | K61: =ABS(J61) -> 0 | M61: =AVERAGE(E61:E75) -> 10.833333 | O61: =$V$2*D61+$V$3 -> 11.09902 | P61: =E61-O61 -> -5.0990201 | Q61: =P61*P61 -> 26.000006 | W61: average of new years | Y61: average last years
D62: 56 | E62: 5 | F62: =$P$2*(E62/H47)+(1-$P$2)*(F61+G61) -> 5.5487057 | G62: =$P$3*(F62-F61)+(1-$P$3)*G61 -> 0 | H62: =$P$4*(E62/F62)+(1-$P$4)*H47 -> 0.90111105 | I62: =(F62+(G62))*H47 -> 5 | J62: =E62-I62 -> 0 | K62: =ABS(J62) -> 0 | M62: =AVERAGE(E62:E76) -> 11.033333 | O62: =$V$2*D62+$V$3 -> 11.09902 | P62: =E62-O62 -> -6.0990201 | Q62: =P62*P62 -> 37.198047 | W62: =AVERAGE(E84:E110) -> 11.640741 | Y62: =AVERAGE(E59:E84) -> 11.05
D63: 57 | E63: 9 | F63: =$P$2*(E63/H48)+(1-$P$2)*(F62+G62) -> 31.211469 | G63: =$P$3*(F63-F62)+(1-$P$3)*G62 -> 0 | H63: =$P$4*(E63/F63)+(1-$P$4)*H48 -> 0.28835554 | I63: =(F63+(G63))*H48 -> 9 | J63: =E63-I63 -> 0 | K63: =ABS(J63) -> 0 | M63: =AVERAGE(E63:E77) -> 10.753333 | O63: =$V$2*D63+$V$3 -> 11.09902 | P63: =E63-O63 -> -2.0990201 | Q63: =P63*P63 -> 4.4058855 | V63: ancienne /nouvelle | W63: =W62/Y62 -> 1.0534607
D64: 58 | E64: 18 | F64: =$P$2*(E64/H49)+(1-$P$2)*(F63+G63) -> 15.132832 | G64: =$P$3*(F64-F63)+(1-$P$3)*G63 -> 0 | H64: =$P$4*(E64/F64)+(1-$P$4)*H49 -> 1.1894667 | I64: =(F64+(G64))*H49 -> 18 | J64: =E64-I64 -> 0 | K64: =ABS(J64) -> 0 | M64: =AVERAGE(E64:E78) -> 11.153333 | O64: =$V$2*D64+$V$3 -> 11.09902 | P64: =E64-O64 -> 6.9009799 | Q64: =P64*P64 -> 47.623523
D65: 59 | E65: 3 | F65: =$P$2*(E65/H50)+(1-$P$2)*(F64+G64) -> 2.4124805 | G65: =$P$3*(F65-F64)+(1-$P$3)*G64 -> 0 | H65: =$P$4*(E65/F65)+(1-$P$4)*H50 -> 1.2435334 | I65: =(F65+(G65))*H50 -> 3 | J65: =E65-I65 -> 0 | K65: =ABS(J65) -> 0 | M65: =AVERAGE(E65:E79) -> 11.02 | O65: =$V$2*D65+$V$3 -> 11.09902 | P65: =E65-O65 -> -8.0990201 | Q65: =P65*P65 -> 65.594127
D66: 60 | E66: 24 | F66: =$P$2*(E66/H51)+(1-$P$2)*(F65+G65) -> 27.457511 | G66: =$P$3*(F66-F65)+(1-$P$3)*G65 -> 0 | H66: =$P$4*(E66/F66)+(1-$P$4)*H51 -> 0.87407777 | I66: =(F66+(G66))*H51 -> 24 | J66: =E66-I66 -> 0 | K66: =ABS(J66) -> 0 | M66: =AVERAGE(E66:E80) -> 11.82 | O66: =$V$2*D66+$V$3 -> 11.09902 | P66: =E66-O66 -> 12.90098 | Q66: =P66*P66 -> 166.43528
D67: 61 | E67: 3 | F67: =$P$2*(E67/H52)+(1-$P$2)*(F66+G66) -> 1.4088191 | G67: =$P$3*(F67-F66)+(1-$P$3)*G66 -> 0 | H67: =$P$4*(E67/F67)+(1-$P$4)*H52 -> 2.1294431 | I67: =(F67+(G67))*H52 -> 3 | J67: =E67-I67 -> -5.7731597e-15 | K67: =ABS(J67) -> 5.7731597e-15 | M67: =AVERAGE(E67:E81) -> 10.886667 | O67: =$V$2*D67+$V$3 -> 11.09902 | P67: =E67-O67 -> -8.0990201 | Q67: =P67*P67 -> 65.594127
D68: 62 | E68: 19 | F68: =$P$2*(E68/H53)+(1-$P$2)*(F67+G67) -> 91.940758 | G68: =$P$3*(F68-F67)+(1-$P$3)*G67 -> 0 | H68: =$P$4*(E68/F68)+(1-$P$4)*H53 -> 0.20665481 | I68: =(F68+(G68))*H53 -> 19 | J68: =E68-I68 -> 0 | K68: =ABS(J68) -> 0 | M68: =AVERAGE(E68:E82) -> 11.02 | O68: =$V$2*D68+$V$3 -> 11.09902 | P68: =E68-O68 -> 7.9009799 | Q68: =P68*P68 -> 62.425483
D69: 63 | E69: 9 | F69: =$P$2*(E69/H54)+(1-$P$2)*(F68+G68) -> 15.899529 | G69: =$P$3*(F69-F68)+(1-$P$3)*G68 -> 0 | H69: =$P$4*(E69/F69)+(1-$P$4)*H54 -> 0.5660545 | I69: =(F69+(G69))*H54 -> 9 | J69: =E69-I69 -> 0 | K69: =ABS(J69) -> 0 | M69: =AVERAGE(E69:E83) -> 10.086667 | O69: =$V$2*D69+$V$3 -> 11.09902 | P69: =E69-O69 -> -2.0990201 | Q69: =P69*P69 -> 4.4058855
D70: 64 | E70: 12 | F70: =$P$2*(E70/H55)+(1-$P$2)*(F69+G69) -> 11.924647 | G70: =$P$3*(F70-F69)+(1-$P$3)*G69 -> 0 | H70: =$P$4*(E70/F70)+(1-$P$4)*H55 -> 1.0063191 | I70: =(F70+(G70))*H55 -> 12 | J70: =E70-I70 -> 0 | K70: =ABS(J70) -> 0 | M70: =AVERAGE(E70:E84) -> 11.286667 | O70: =$V$2*D70+$V$3 -> 11.09902 | P70: =E70-O70 -> 0.90097987 | Q70: =P70*P70 -> 0.81176473
D71: 65 | E71: 11 | F71: =$P$2*(E71/H56)+(1-$P$2)*(F70+G70) -> 11.231778 | G71: =$P$3*(F71-F70)+(1-$P$3)*G70 -> 0 | H71: =$P$4*(E71/F71)+(1-$P$4)*H56 -> 0.97936412 | I71: =(F71+(G71))*H56 -> 11 | J71: =E71-I71 -> 0 | K71: =ABS(J71) -> 0
D72: 66 | E72: 9 | F72: =$P$2*(E72/H57)+(1-$P$2)*(F71+G71) -> 7.104045 | G72: =$P$3*(F72-F71)+(1-$P$3)*G71 -> 0 | H72: =$P$4*(E72/F72)+(1-$P$4)*H57 -> 1.2668839 | I72: =(F72+(G72))*H57 -> 9 | J72: =E72-I72 -> 0 | K72: =ABS(J72) -> 0
D73: 67 | E73: 23 | F73: =$P$2*(E73/H58)+(1-$P$2)*(F72+G72) -> 14.381034 | G73: =$P$3*(F73-F72)+(1-$P$3)*G72 -> 0 | H73: =$P$4*(E73/F73)+(1-$P$4)*H58 -> 1.5993286 | I73: =(F73+(G73))*H58 -> 23 | J73: =E73-I73 -> 0 | K73: =ABS(J73) -> 0
D74: 68 | E74: 0.5 | F74: =$P$2*(E74/H59)+(1-$P$2)*(F73+G73) -> 0.7227059 | G74: =$P$3*(F74-F73)+(1-$P$3)*G73 -> 0 | H74: =$P$4*(E74/F74)+(1-$P$4)*H59 -> 0.69184436 | I74: =(F74+(G74))*H59 -> 0.5 | J74: =E74-I74 -> -9.9920072e-16 | K74: =ABS(J74) -> 9.9920072e-16
D75: 69 | E75: 11 | F75: =$P$2*(E75/H60)+(1-$P$2)*(F74+G74) -> 7.6997725 | G75: =$P$3*(F75-F74)+(1-$P$3)*G74 -> 0 | H75: =$P$4*(E75/F75)+(1-$P$4)*H60 -> 1.4286136 | I75: =(F75+(G75))*H60 -> 11 | J75: =E75-I75 -> 0 | K75: =ABS(J75) -> 0
D76: 70 | E76: 9 | F76: =$P$2*(E76/H61)+(1-$P$2)*(F75+G75) -> 14.309576 | G76: =$P$3*(F76-F75)+(1-$P$3)*G75 -> 0 | H76: =$P$4*(E76/F76)+(1-$P$4)*H61 -> 0.62894945 | I76: =(F76+(G76))*H61 -> 9 | J76: =E76-I76 -> 0 | K76: =ABS(J76) -> 0
D77: 71 | E77: 0.8 | F77: =$P$2*(E77/H62)+(1-$P$2)*(F76+G76) -> 0.8877929 | G77: =$P$3*(F77-F76)+(1-$P$3)*G76 -> 0 | H77: =$P$4*(E77/F77)+(1-$P$4)*H62 -> 0.90111105 | I77: =(F77+(G77))*H62 -> 0.8 | J77: =E77-I77 -> -1.3322676e-15 | K77: =ABS(J77) -> 1.3322676e-15
D78: 72 | E78: 15 | F78: =$P$2*(E78/H63)+(1-$P$2)*(F77+G77) -> 52.019115 | G78: =$P$3*(F78-F77)+(1-$P$3)*G77 -> 0 | H78: =$P$4*(E78/F78)+(1-$P$4)*H63 -> 0.28835554 | I78: =(F78+(G78))*H63 -> 15 | J78: =E78-I78 -> 0 | K78: =ABS(J78) -> 0
D79: 73 | E79: 16 | F79: =$P$2*(E79/H64)+(1-$P$2)*(F78+G78) -> 13.451406 | G79: =$P$3*(F79-F78)+(1-$P$3)*G78 -> 0 | H79: =$P$4*(E79/F79)+(1-$P$4)*H64 -> 1.1894667 | I79: =(F79+(G79))*H64 -> 16 | J79: =E79-I79 -> 0 | K79: =ABS(J79) -> 0
D80: 74 | E80: 15 | F80: =$P$2*(E80/H65)+(1-$P$2)*(F79+G79) -> 12.062403 | G80: =$P$3*(F80-F79)+(1-$P$3)*G79 -> 0 | H80: =$P$4*(E80/F80)+(1-$P$4)*H65 -> 1.2435334 | I80: =(F80+(G80))*H65 -> 15 | J80: =E80-I80 -> 0 | K80: =ABS(J80) -> 0
D81: 75 | E81: 10 | F81: =$P$2*(E81/H66)+(1-$P$2)*(F80+G80) -> 11.44063 | G81: =$P$3*(F81-F80)+(1-$P$3)*G80 -> 0 | H81: =$P$4*(E81/F81)+(1-$P$4)*H66 -> 0.87407777 | I81: =(F81+(G81))*H66 -> 10 | J81: =E81-I81 -> 0 | K81: =ABS(J81) -> 0
D82: 76 | E82: 5 | F82: =$P$2*(E82/H67)+(1-$P$2)*(F81+G81) -> 2.3480318 | G82: =$P$3*(F82-F81)+(1-$P$3)*G81 -> 0 | H82: =$P$4*(E82/F82)+(1-$P$4)*H67 -> 2.1294431 | I82: =(F82+(G82))*H67 -> 5 | J82: =E82-I82 -> 0 | K82: =ABS(J82) -> 0
... D110: 104 | E110: 27 | F110: =$P$2*(E110/H95)+(1-$P$2)*(F109+G109) -> 21.712325 | G110: =$P$3*(F110-F109)+(1-$P$3)*G109 -> 0 | H110: =$P$4*(E110/F110)+(1-$P$4)*H95 -> 1.2435334 | I110: =(F110+(G110))*H95 -> 27 | J110: =E110-I110 -> 0 | K110: =ABS(J110) -> 0

Sheet orpet
O2: alpha | P2: 1 | U2: coefii dir | V2: 0.096161901
O3: bet | P3: 0.0021539948 | Q3: error2 | R3: =SUM(K21:K84) -> 11.418158 | U3: origine | V3: 113.36041
O4: gamma | P4: 1 | U4: sum | V4: =SUM(Q7:Q70) -> 157608.14
V5: =COUNT($P$2:$P$4) -> 3
D6: period | E6: Y | F6: level | G6: trend | H6: season | I6: forcast | J6: error | K6: abs error | L6: average regression | O6: y | P6: erro | Q6: error2
C7: round3 | D7: 1 | E7: 184.4336 | H7: =E7/$A$44 -> 1.6056218 | M7: =AVERAGE(E7:E21) -> 114.8674 | O7: =$V$2*D7+$V$3 -> 113.45658 | P7: =E7-O7 -> 70.977025 | Q7: =P7*P7 -> 5037.7381
D8: 2 | E8: 76.69328 | H8: =E8/$A$44 -> 0.66766796 | M8: =AVERAGE(E8:E22) -> 114.62979 | O8: =$V$2*D8+$V$3 -> 113.55274 | P8: =E8-O8 -> -36.859457 | Q8: =P8*P8 -> 1358.6196
D9: 3 | E9: 165.47472 | H9: =E9/$A$44 -> 1.4405717 | M9: =AVERAGE(E9:E23) -> 114.85024 | O9: =$V$2*D9+$V$3 -> 113.6489 | P9: =E9-O9 -> 51.825821 | Q9: =P9*P9 -> 2685.9157
D10: 4 | E10: 37.737354 | H10: =E10/$A$44 -> 0.32852972 | M10: =AVERAGE(E10:E24) -> 114.36932 | O10: =$V$2*D10+$V$3 -> 113.74506 | P10: =E10-O10 -> -76.007707 | Q10: =P10*P10 -> 5777.1715
D11: 5 | E11: 92.60278 | H11: =E11/$A$44 -> 0.80617114 | M11: =AVERAGE(E11:E25) -> 118.75205 | O11: =$V$2*D11+$V$3 -> 113.84122 | P11: =E11-O11 -> -21.238443 | Q11: =P11*P11 -> 451.07145
D12: 6 | E12: 107.47412 | H12: =E12/$A$44 -> 0.93563643 | M12: =AVERAGE(E12:E26) -> 117.10027 | O12: =$V$2*D12+$V$3 -> 113.93738 | P12: =E12-O12 -> -6.4632646 | Q12: =P12*P12 -> 41.77379
D13: 7 | E13: 70.16859 | H13: =E13/$A$44 -> 0.61086603 | M13: =AVERAGE(E13:E27) -> 116.09812 | O13: =$V$2*D13+$V$3 -> 114.03355 | P13: =E13-O13 -> -43.864957 | Q13: =P13*P13 -> 1924.1344
D14: 8 | E14: 166.77611 | H14: =E14/$A$44 -> 1.4519012 | M14: =AVERAGE(E14:E28) -> 119.61788 | O14: =$V$2*D14+$V$3 -> 114.12971 | P14: =E14-O14 -> 52.646402 | Q14: =P14*P14 -> 2771.6436
D15: 9 | E15: 159.91127 | H15: =E15/$A$44 -> 1.392138 | M15: =AVERAGE(E15:E29) -> 116.58087 | O15: =$V$2*D15+$V$3 -> 114.22587 | P15: =E15-O15 -> 45.6854 | Q15: =P15*P15 -> 2087.1557
D16: 10 | E16: 257.3913 | H16: =E16/$A$44 -> 2.240769 | M16: =AVERAGE(E16:E30) -> 111.67594 | O16: =$V$2*D16+$V$3 -> 114.32203 | P16: =E16-O16 -> 143.06927 | Q16: =P16*P16 -> 20468.815
D17: 11 | E17: 76.521736 | H17: =E17/$A$44 -> 0.66617455 | M17: =AVERAGE(E17:E31) -> 100.03977 | O17: =$V$2*D17+$V$3 -> 114.41819 | P17: =E17-O17 -> -37.896458 | Q17: =P17*P17 -> 1436.1415
D18: 12 | E18: 53.913044 | H18: =E18/$A$44 -> 0.46935028 | M18: =AVERAGE(E18:E32) -> 105.92669 | O18: =$V$2*D18+$V$3 -> 114.51436 | P18: =E18-O18 -> -60.601312 | Q18: =P18*P18 -> 3672.519
D19: 13 | E19: 110.43478 | H19: =E19/$A$44 -> 0.96141105 | M19: =AVERAGE(E19:E33) -> 114.53249 | O19: =$V$2*D19+$V$3 -> 114.61052 | P19: =E19-O19 -> -4.1757339 | Q19: =P19*P19 -> 17.436754
D20: 14 | E20: 84.347824 | H20: =E20/$A$44 -> 0.73430605 | M20: =AVERAGE(E20:E34) -> 112.57017 | O20: =$V$2*D20+$V$3 -> 114.70668 | P20: =E20-O20 -> -30.358856 | Q20: =P20*P20 -> 921.66013
D21: 15 | E21: 79.13043 | F21: =V3 -> 113.36041 | G21: =V2+0.1 -> 0.1961619 | H21: =E21/$A$44 -> 0.68888503 | M21: =AVERAGE(E21:E35) -> 117.61365 | O21: =$V$2*D21+$V$3 -> 114.80284 | P21: =E21-O21 -> -35.672412 | Q21: =P21*P21 -> 1272.521
D22: 16 | E22: 180.86957 | F22: =$P$2*(E22/H7)+(1-$P$2)*(F21+G21) -> 112.64768 | G22: =$P$3*(F22-F21)+(1-$P$3)*G21 -> 0.19420414 | H22: =$P$4*(E22/F22)+(1-$P$4)*H7 -> 1.6056218 | I22: =(F22+(G22))*H7 -> 181.18139 | J22: =E22-I22 -> -0.31181841 | K22: =ABS(J22) -> 0.31181841 | M22: =AVERAGE(E22:E36) -> 115.13829 | O22: =$V$2*D22+$V$3 -> 114.899 | P22: =E22-O22 -> 65.970566 | Q22: =P22*P22 -> 4352.1156
D23: 17 | E23: 80 | F23: =$P$2*(E23/H8)+(1-$P$2)*(F22+G22) -> 119.82004 | G23: =$P$3*(F23-F22)+(1-$P$3)*G22 -> 0.20923505 | H23: =$P$4*(E23/F23)+(1-$P$4)*H8 -> 0.66766796 | I23: =(F23+(G23))*H8 -> 80.1397 | J23: =E23-I23 -> -0.13969954 | K23: =ABS(J23) -> 0.13969954 | M23: =AVERAGE(E23:E37) -> 108.88032 | O23: =$V$2*D23+$V$3 -> 114.99517 | P23: =E23-O23 -> -34.995166 | Q23: =P23*P23 -> 1224.6616
D24: 18 | E24: 158.26086 | F24: =$P$2*(E24/H9)+(1-$P$2)*(F23+G23) -> 109.85976 | G24: =$P$3*(F24-F23)+(1-$P$3)*G23 -> 0.18732997 | H24: =$P$4*(E24/F24)+(1-$P$4)*H9 -> 1.4405717 | I24: =(F24+(G24))*H9 -> 158.53072 | J24: =E24-I24 -> -0.26986226 | K24: =ABS(J24) -> 0.26986226 | M24: =AVERAGE(E24:E38) -> 110.81365 | O24: =$V$2*D24+$V$3 -> 115.09133 | P24: =E24-O24 -> 43.169533 | Q24: =P24*P24 -> 1863.6085
D25: 19 | E25: 103.47826 | F25: =$P$2*(E25/H10)+(1-$P$2)*(F24+G24) -> 314.97383 | G25: =$P$3*(F25-F24)+(1-$P$3)*G24 -> 0.6287411 | H25: =$P$4*(E25/F25)+(1-$P$4)*H10 -> 0.32852972 | I25: =(F25+(G25))*H10 -> 103.68482 | J25: =E25-I25 -> -0.20656014 | K25: =ABS(J25) -> 0.20656014 | M25: =AVERAGE(E25:E39) -> 105.46293 | O25: =$V$2*D25+$V$3 -> 115.18749 | P25: =E25-O25 -> -11.709225 | Q25: =P25*P25 -> 137.10596
D26: 20 | E26: 67.82609 | F26: =$P$2*(E26/H11)+(1-$P$2)*(F25+G25) -> 84.133612 | G26: =$P$3*(F26-F25)+(1-$P$3)*G25 -> 0.13015817 | H26: =$P$4*(E26/F26)+(1-$P$4)*H11 -> 0.80617114 | I26: =(F26+(G26))*H11 -> 67.93102 | J26: =E26-I26 -> -0.10492976 | K26: =ABS(J26) -> 0.10492976 | M26: =AVERAGE(E26:E40) -> 109.63104 | O26: =$V$2*D26+$V$3 -> 115.28365 | P26: =E26-O26 -> -47.457561 | Q26: =P26*P26 -> 2252.2201
D27: 21 | E27: 92.441864 | F27: =$P$2*(E27/H12)+(1-$P$2)*(F26+G26) -> 98.801053 | G27: =$P$3*(F27-F26)+(1-$P$3)*G26 -> 0.1614714 | H27: =$P$4*(E27/F27)+(1-$P$4)*H12 -> 0.93563643 | I27: =(F27+(G27))*H12 -> 92.592943 | J27: =E27-I27 -> -0.15107853 | K27: =ABS(J27) -> 0.15107853 | M27: =AVERAGE(E27:E41) -> 115.64264 | O27: =$V$2*D27+$V$3 -> 115.37981 | P27: =E27-O27 -> -22.937949 | Q27: =P27*P27 -> 526.14951
D28: 22 | E28: 122.96512 | F28: =$P$2*(E28/H13)+(1-$P$2)*(F27+G27) -> 201.29638 | G28: =$P$3*(F28-F27)+(1-$P$3)*G27 -> 0.381898 | H28: =$P$4*(E28/F28)+(1-$P$4)*H13 -> 0.61086603 | I28: =(F28+(G28))*H13 -> 123.19841 | J28: =E28-I28 -> -0.23328851 | K28: =ABS(J28) -> 0.23328851 | M28: =AVERAGE(E28:E42) -> 126.47985 | O28: =$V$2*D28+$V$3 -> 115.47598 | P28: =E28-O28 -> 7.4891449 | Q28: =P28*P28 -> 56.087292
D29: 23 | E29: 121.22093 | F29: =$P$2*(E29/H14)+(1-$P$2)*(F28+G28) -> 83.49117 | G29: =$P$3*(F29-F28)+(1-$P$3)*G28 -> 0.12732358 | H29: =$P$4*(E29/F29)+(1-$P$4)*H14 -> 1.4519012 | I29: =(F29+(G29))*H14 -> 121.40579 | J29: =E29-I29 -> -0.18486126 | K29: =ABS(J29) -> 0.18486126 | M29: =AVERAGE(E29:E43) -> 123.8155 | O29: =$V$2*D29+$V$3 -> 115.57214 | P29: =E29-O29 -> 5.648793 | Q29: =P29*P29 -> 31.908863
D30: 24 | E30: 86.33721 | F30: =$P$2*(E30/H15)+(1-$P$2)*(F29+G29) -> 62.017708 | G30: =$P$3*(F30-F29)+(1-$P$3)*G29 -> 0.0807956 | H30: =$P$4*(E30/F30)+(1-$P$4)*H15 -> 1.392138 | I30: =(F30+(G30))*H15 -> 86.449689 | J30: =E30-I30 -> -0.11247863 | K30: =ABS(J30) -> 0.11247863 | M30: =AVERAGE(E30:E44) -> 119.33411 | O30: =$V$2*D30+$V$3 -> 115.6683 | P30: =E30-O30 -> -29.331089 | Q30: =P30*P30 -> 860.31277
D31: 25 | E31: 82.84884 | F31: =$P$2*(E31/H16)+(1-$P$2)*(F30+G30) -> 36.973396 | G31: =$P$3*(F31-F30)+(1-$P$3)*G30 -> 0.026676248 | H31: =$P$4*(E31/F31)+(1-$P$4)*H16 -> 2.240769 | I31: =(F31+(G31))*H16 -> 82.908615 | J31: =E31-I31 -> -0.059775309 | K31: =ABS(J31) -> 0.059775309 | M31: =AVERAGE(E31:E45) -> 120.51163 | O31: =$V$2*D31+$V$3 -> 115.76446 | P31: =E31-O31 -> -32.915621 | Q31: =P31*P31 -> 1083.4381
D32: 26 | E32: 164.82558 | F32: =$P$2*(E32/H17)+(1-$P$2)*(F31+G31) -> 247.42101 | G32: =$P$3*(F32-F31)+(1-$P$3)*G31 -> 0.47992186 | H32: =$P$4*(E32/F32)+(1-$P$4)*H17 -> 0.66617455 | I32: =(F32+(G32))*H17 -> 165.14529 | J32: =E32-I32 -> -0.31971173 | K32: =ABS(J32) -> 0.31971173 | M32: =AVERAGE(E32:E46) -> 120.25504 | O32: =$V$2*D32+$V$3 -> 115.86062 | P32: =E32-O32 -> 48.964957 | Q32: =P32*P32 -> 2397.567
C33: round4 | D33: 27 | E33: 183 | F33: =$P$2*(E33/H18)+(1-$P$2)*(F32+G32) -> 389.9007 | G33: =$P$3*(F33-F32)+(1-$P$3)*G32 -> 0.78578862 | H33: =$P$4*(E33/F33)+(1-$P$4)*H18 -> 0.46935028 | I33: =(F33+(G33))*H18 -> 183.36881 | J33: =E33-I33 -> -0.36881011 | K33: =ABS(J33) -> 0.36881011 | M33: =AVERAGE(E33:E47) -> 114.26667 | O33: =$V$2*D33+$V$3 -> 115.95678 | P33: =E33-O33 -> 67.043215 | Q33: =P33*P33 -> 4494.7927
D34: 28 | E34: 81 | F34: =$P$2*(E34/H19)+(1-$P$2)*(F33+G33) -> 84.251164 | G34: =$P$3*(F34-F33)+(1-$P$3)*G33 -> 0.12572852 | H34: =$P$4*(E34/F34)+(1-$P$4)*H19 -> 0.96141105 | I34: =(F34+(G34))*H19 -> 81.120877 | J34: =E34-I34 -> -0.12087679 | K34: =ABS(J34) -> 0.12087679 | M34: =AVERAGE(E34:E48) -> 113.6 | O34: =$V$2*D34+$V$3 -> 116.05295 | P34: =E34-O34 -> -35.052946 | Q34: =P34*P34 -> 1228.7091
D35: 29 | E35: 160 | F35: =$P$2*(E35/H20)+(1-$P$2)*(F34+G34) -> 217.8928 | G35: =$P$3*(F35-F34)+(1-$P$3)*G34 -> 0.41332109 | H35: =$P$4*(E35/F35)+(1-$P$4)*H20 -> 0.73430605 | I35: =(F35+(G35))*H20 -> 160.3035 | J35: =E35-I35 -> -0.30350418 | K35: =ABS(J35) -> 0.30350418 | M35: =AVERAGE(E35:E49) -> 113.06667 | O35: =$V$2*D35+$V$3 -> 116.14911 | P35: =E35-O35 -> 43.850892 | Q35: =P35*P35 -> 1922.9007
D36: 30 | E36: 42 | F36: =$P$2*(E36/H21)+(1-$P$2)*(F35+G35) -> 60.968083 | G36: =$P$3*(F36-F35)+(1-$P$3)*G35 -> 0.074415775 | H36: =$P$4*(E36/F36)+(1-$P$4)*H21 -> 0.68888503 | I36: =(F36+(G36))*H21 -> 42.051264 | J36: =E36-I36 -> -0.051263914 | K36: =ABS(J36) -> 0.051263914 | M36: =AVERAGE(E36:E50) -> 112.53333 | O36: =$V$2*D36+$V$3 -> 116.24527 | P36: =E36-O36 -> -74.24527 | Q36: =P36*P36 -> 5512.3602
D37: 31 | E37: 87 | F37: =$P$2*(E37/H22)+(1-$P$2)*(F36+G36) -> 54.184614 | G37: =$P$3*(F37-F36)+(1-$P$3)*G36 -> 0.059643927 | H37: =$P$4*(E37/F37)+(1-$P$4)*H22 -> 1.6056218 | I37: =(F37+(G37))*H22 -> 87.095766 | J37: =E37-I37 -> -0.095765592 | K37: =ABS(J37) -> 0.095765592 | M37: =AVERAGE(E37:E51) -> 115.73333 | O37: =$V$2*D37+$V$3 -> 116.34143 | P37: =E37-O37 -> -29.341432 | Q37: =P37*P37 -> 860.91964
D38: 32 | E38: 109 | F38: =$P$2*(E38/H23)+(1-$P$2)*(F37+G37) -> 163.2548 | G38: =$P$3*(F38-F37)+(1-$P$3)*G37 -> 0.29445207 | H38: =$P$4*(E38/F38)+(1-$P$4)*H23 -> 0.66766796 | I38: =(F38+(G38))*H23 -> 109.1966 | J38: =E38-I38 -> -0.19659621 | K38: =ABS(J38) -> 0.19659621 | M38: =AVERAGE(E38:E52) -> 114.13333 | O38: =$V$2*D38+$V$3 -> 116.43759 | P38: =E38-O38 -> -7.4375941 | Q38: =P38*P38 -> 55.317805
D39: 33 | E39: 78 | F39: =$P$2*(E39/H24)+(1-$P$2)*(F38+G38) -> 54.14517 | G39: =$P$3*(F39-F38)+(1-$P$3)*G38 -> 0.058796244 | H39: =$P$4*(E39/F39)+(1-$P$4)*H24 -> 1.4405717 | I39: =(F39+(G39))*H24 -> 78.0847 | J39: =E39-I39 -> -0.084700205 | K39: =ABS(J39) -> 0.084700205 | M39: =AVERAGE(E39:E53) -> 113.73333 | O39: =$V$2*D39+$V$3 -> 116.53376 | P39: =E39-O39 -> -38.533756 | Q39: =P39*P39 -> 1484.8503
D40: 34 | E40: 166 | F40: =$P$2*(E40/H25)+(1-$P$2)*(F39+G39) -> 505.28152 | G40: =$P$3*(F40-F39)+(1-$P$3)*G39 -> 1.030415 | H40: =$P$4*(E40/F40)+(1-$P$4)*H25 -> 0.32852972 | I40: =(F40+(G40))*H25 -> 166.33852 | J40: =E40-I40 -> -0.33852195 | K40: =ABS(J40) -> 0.33852195 | M40: =AVERAGE(E40:E54) -> 117.46667 | O40: =$V$2*D40+$V$3 -> 116.62992 | P40: =E40-O40 -> 49.370082 | Q40: =P40*P40 -> 2437.405
D41: 35 | E41: 158 | F41: =$P$2*(E41/H26)+(1-$P$2)*(F40+G40) -> 195.98816 | G41: =$P$3*(F41-F40)+(1-$P$3)*G40 -> 0.36197916 | H41: =$P$4*(E41/F41)+(1-$P$4)*H26 -> 0.80617114 | I41: =(F41+(G41))*H26 -> 158.29182 | J41: =E41-I41 -> -0.29181715 | K41: =ABS(J41) -> 0.29181715 | M41: =AVERAGE(E41:E55) -> 115.13333 | O41: =$V$2*D41+$V$3 -> 116.72608 | P41: =E41-O41 -> 41.27392 | Q41: =P41*P41 -> 1703.5365
D42: 36 | E42: 255 | F42: =$P$2*(E42/H27)+(1-$P$2)*(F41+G41) -> 272.54176 | G42: =$P$3*(F42-F41)+(1-$P$3)*G41 -> 0.52609552 | H42: =$P$4*(E42/F42)+(1-$P$4)*H27 -> 0.93563643 | I42: =(F42+(G42))*H27 -> 255.49223 | J42: =E42-I42 -> -0.49223413 | K42: =ABS(J42) -> 0.49223413 | M42: =AVERAGE(E42:E56) -> 110.93333 | O42: =$V$2*D42+$V$3 -> 116.82224 | P42: =E42-O42 -> 138.17776 | Q42: =P42*P42 -> 19093.093
D43: 37 | E43: 83 | F43: =$P$2*(E43/H28)+(1-$P$2)*(F42+G42) -> 135.87267 | G43: =$P$3*(F43-F42)+(1-$P$3)*G42 -> 0.2305778 | H43: =$P$4*(E43/F43)+(1-$P$4)*H28 -> 0.61086603 | I43: =(F43+(G43))*H28 -> 83.140852 | J43: =E43-I43 -> -0.14085214 | K43: =ABS(J43) -> 0.14085214 | M43: =AVERAGE(E43:E57) -> 100.26667 | O43: =$V$2*D43+$V$3 -> 116.9184 | P43: =E43-O43 -> -33.918404 | Q43: =P43*P43 -> 1150.4581
A44: =AVERAGE(E7:E21) -> 114.8674 | D44: 38 | E44: 54 | F44: =$P$2*(E44/H29)+(1-$P$2)*(F43+G43) -> 37.192613 | G44: =$P$3*(F44-F43)+(1-$P$3)*G43 -> 0.017524797 | H44: =$P$4*(E44/F44)+(1-$P$4)*H29 -> 1.4519012 | I44: =(F44+(G44))*H29 -> 54.025444 | J44: =E44-I44 -> -0.025444274 | K44: =ABS(J44) -> 0.025444274 | M44: =AVERAGE(E44:E58) -> 106.2 | O44: =$V$2*D44+$V$3 -> 117.01457 | P44: =E44-O44 -> -63.014565 | Q44: =P44*P44 -> 3970.8355
D45: 39 | E45: 104 | F45: =$P$2*(E45/H30)+(1-$P$2)*(F44+G44) -> 74.705236 | G45: =$P$3*(F45-F44)+(1-$P$3)*G44 -> 0.098289044 | H45: =$P$4*(E45/F45)+(1-$P$4)*H30 -> 1.392138 | I45: =(F45+(G45))*H30 -> 104.13683 | J45: =E45-I45 -> -0.13683192 | K45: =ABS(J45) -> 0.13683192 | M45: =AVERAGE(E45:E59) -> 112.46667 | O45: =$V$2*D45+$V$3 -> 117.11073 | P45: =E45-O45 -> -13.110727 | Q45: =P45*P45 -> 171.89117
D46: 40 | E46: 79 | F46: =$P$2*(E46/H31)+(1-$P$2)*(F45+G45) -> 35.255754 | G46: =$P$3*(F46-F45)+(1-$P$3)*G45 -> 0.013103349 | H46: =$P$4*(E46/F46)+(1-$P$4)*H31 -> 2.240769 | I46: =(F46+(G46))*H31 -> 79.029362 | J46: =E46-I46 -> -0.029361578 | K46: =ABS(J46) -> 0.029361578 | M46: =AVERAGE(E46:E60) -> 111.53333 | O46: =$V$2*D46+$V$3 -> 117.20689 | P46: =E46-O46 -> -38.206889 | Q46: =P46*P46 -> 1459.7664
D47: 41 | E47: 75 | F47: =$P$2*(E47/H32)+(1-$P$2)*(F46+G46) -> 112.58311 | G47: =$P$3*(F47-F46)+(1-$P$3)*G46 -> 0.17963784 | H47: =$P$4*(E47/F47)+(1-$P$4)*H32 -> 0.66617455 | I47: =(F47+(G47))*H32 -> 75.11967 | J47: =E47-I47 -> -0.11967016 | K47: =ABS(J47) -> 0.11967016 | M47: =AVERAGE(E47:E61) -> 111.2 | O47: =$V$2*D47+$V$3 -> 117.30305 | P47: =E47-O47 -> -42.303051 | Q47: =P47*P47 -> 1789.5481
D48: 42 | E48: 173 | F48: =$P$2*(E48/H33)+(1-$P$2)*(F47+G47) -> 368.59465 | G48: =$P$3*(F48-F47)+(1-$P$3)*G47 -> 0.73069844 | H48: =$P$4*(E48/F48)+(1-$P$4)*H33 -> 0.46935028 | I48: =(F48+(G48))*H33 -> 173.34295 | J48: =E48-I48 -> -0.34295352 | K48: =ABS(J48) -> 0.34295352 | M48: =AVERAGE(E48:E62) -> 109.06667 | O48: =$V$2*D48+$V$3 -> 117.39921 | P48: =E48-O48 -> 55.600787 | Q48: =P48*P48 -> 3091.4475
D49: 43 | E49: 73 | F49: =$P$2*(E49/H34)+(1-$P$2)*(F48+G48) -> 75.930061 | G49: =$P$3*(F49-F48)+(1-$P$3)*G48 -> 0.098726513 | H49: =$P$4*(E49/F49)+(1-$P$4)*H34 -> 0.96141105 | I49: =(F49+(G49))*H34 -> 73.094917 | J49: =E49-I49 -> -0.09491676 | K49: =ABS(J49) -> 0.09491676 | M49: =AVERAGE(E49:E63) -> 110.46667 | O49: =$V$2*D49+$V$3 -> 117.49537 | P49: =E49-O49 -> -44.495375 | Q49: =P49*P49 -> 1979.8384
D50: 44 | E50: 152 | F50: =$P$2*(E50/H35)+(1-$P$2)*(F49+G49) -> 206.99816 | G50: =$P$3*(F50-F49)+(1-$P$3)*G49 -> 0.38083386 | H50: =$P$4*(E50/F50)+(1-$P$4)*H35 -> 0.73430605 | I50: =(F50+(G50))*H35 -> 152.27965 | J50: =E50-I50 -> -0.27964861 | K50: =ABS(J50) -> 0.27964861 | M50: =AVERAGE(E50:E64) -> 111.8 | O50: =$V$2*D50+$V$3 -> 117.59154 | P50: =E50-O50 -> 34.408463 | Q50: =P50*P50 -> 1183.9423
D51: 45 | E51: 90 | F51: =$P$2*(E51/H36)+(1-$P$2)*(F50+G50) -> 130.64589 | G51: =$P$3*(F51-F50)+(1-$P$3)*G50 -> 0.21555116 | H51: =$P$4*(E51/F51)+(1-$P$4)*H36 -> 0.68888503 | I51: =(F51+(G51))*H36 -> 90.14849 | J51: =E51-I51 -> -0.14848997 | K51: =ABS(J51) -> 0.14848997 | M51: =AVERAGE(E51:E65) -> 109.4 | O51: =$V$2*D51+$V$3 -> 117.6877 | P51: =E51-O51 -> -27.687699 | Q51: =P51*P51 -> 766.60866
D52: 46 | E52: 63 | F52: =$P$2*(E52/H37)+(1-$P$2)*(F51+G51) -> 39.237134 | G52: =$P$3*(F52-F51)+(1-$P$3)*G51 -> 0.018192871 | H52: =$P$4*(E52/F52)+(1-$P$4)*H37 -> 1.6056218 | I52: =(F52+(G52))*H37 -> 63.029211 | J52: =E52-I52 -> -0.029210872 | K52: =ABS(J52) -> 0.029210872 | M52: =AVERAGE(E52:E66) -> 115.93333 | O52: =$V$2*D52+$V$3 -> 117.78386 | P52: =E52-O52 -> -54.783861 | Q52: =P52*P52 -> 3001.2714
D53: 47 | E53: 103 | F53: =$P$2*(E53/H38)+(1-$P$2)*(F52+G52) -> 154.2683 | G53: =$P$3*(F53-F52)+(1-$P$3)*G52 -> 0.26593022 | H53: =$P$4*(E53/F53)+(1-$P$4)*H38 -> 0.66766796 | I53: =(F53+(G53))*H38 -> 103.17755 | J53: =E53-I53 -> -0.17755309 | K53: =ABS(J53) -> 0.17755309 | M53: =AVERAGE(E53:E67) -> 120.4 | O53: =$V$2*D53+$V$3 -> 117.88002 | P53: =E53-O53 -> -14.880023 | Q53: =P53*P53 -> 221.41507
D54: 48 | E54: 134 | F54: =$P$2*(E54/H39)+(1-$P$2)*(F53+G53) -> 93.018626 | G54: =$P$3*(F54-F53)+(1-$P$3)*G53 -> 0.13342593 | H54: =$P$4*(E54/F54)+(1-$P$4)*H39 -> 1.4405717 | I54: =(F54+(G54))*H39 -> 134.19221 | J54: =E54-I54 -> -0.19220961 | K54: =ABS(J54) -> 0.19220961 | M54: =AVERAGE(E54:E68) -> 121.86667 | O54: =$V$2*D54+$V$3 -> 117.97618 | P54: =E54-O54 -> 16.023816 | Q54: =P54*P54 -> 256.76266
D55: 49 | E55: 131 | F55: =$P$2*(E55/H40)+(1-$P$2)*(F54+G54) -> 398.74626 | G55: =$P$3*(F55-F54)+(1-$P$3)*G54 -> 0.79167428 | H55: =$P$4*(E55/F55)+(1-$P$4)*H40 -> 0.32852972 | I55: =(F55+(G55))*H40 -> 131.26009 | J55: =E55-I55 -> -0.26008853 | K55: =ABS(J55) -> 0.26008853 | M55: =AVERAGE(E55:E69) -> 117.46667 | O55: =$V$2*D55+$V$3 -> 118.07235 | P55: =E55-O55 -> 12.927654 | Q55: =P55*P55 -> 167.12423
D56: 50 | E56: 95 | F56: =$P$2*(E56/H41)+(1-$P$2)*(F55+G55) -> 117.84098 | G56: =$P$3*(F56-F55)+(1-$P$3)*G55 -> 0.18490049 | H56: =$P$4*(E56/F56)+(1-$P$4)*H41 -> 0.80617114 | I56: =(F56+(G56))*H41 -> 95.149061 | J56: =E56-I56 -> -0.14906144 | K56: =ABS(J56) -> 0.14906144 | M56: =AVERAGE(E56:E70) -> 122.53333 | O56: =$V$2*D56+$V$3 -> 118.16851 | P56: =E56-O56 -> -23.168508 | Q56: =P56*P56 -> 536.77978
... D58: 52 | E58: 172 | F58: =$P$2*(E58/H43)+(1-$P$2)*(F57+G57) -> 281.56747 | G58: =$P$3*(F58-F57)+(1-$P$3)*G57 -> 0.53684646 | H58: =$P$4*(E58/F58)+(1-$P$4)*H43 -> 0.61086603 | I58: =(F58+(G58))*H43 -> 172.32794 | J58: =E58-I58 -> -0.32794126 | K58: =ABS(J58) -> 0.32794126 | M58: =AVERAGE(E58:E72) -> 124.46667 | O58: =$V$2*D58+$V$3 -> 118.36083 | P58: =E58-O58 -> 53.639168 | Q58: =P58*P58 -> 2877.1603
C59: round 5 | D59: 53 | E59: 148 | F59: =$P$2*(E59/H44)+(1-$P$2)*(F58+G58) -> 101.93531 | G59: =$P$3*(F59-F58)+(1-$P$3)*G58 -> 0.14876336 | H59: =$P$4*(E59/F59)+(1-$P$4)*H44 -> 1.4519012 | I59: =(F59+(G59))*H44 -> 148.21599 | J59: =E59-I59 -> -0.2159897 | K59: =ABS(J59) -> 0.2159897 | M59: =AVERAGE(E59:E73) -> 116.6 | O59: =$V$2*D59+$V$3 -> 118.45699 | P59: =E59-O59 -> 29.543006 | Q59: =P59*P59 -> 872.7892
D60: 54 | E60: 90 | F60: =$P$2*(E60/H45)+(1-$P$2)*(F59+G59) -> 64.648762 | G60: =$P$3*(F60-F59)+(1-$P$3)*G59 -> 0.068127888 | H60: =$P$4*(E60/F60)+(1-$P$4)*H45 -> 1.392138 | I60: =(F60+(G60))*H45 -> 90.094843 | J60: =E60-I60 -> -0.094843423 | K60: =ABS(J60) -> 0.094843423 | M60: =AVERAGE(E60:E74) -> 116.13333 | O60: =$V$2*D60+$V$3 -> 118.55316 | P60: =E60-O60 -> -28.553156 | Q60: =P60*P60 -> 815.28271
D61: 55 | E61: 74 | F61: =$P$2*(E61/H46)+(1-$P$2)*(F60+G60) -> 33.024377 | G61: =$P$3*(F61-F60)+(1-$P$3)*G60 -> -0.00013762149 | H61: =$P$4*(E61/F61)+(1-$P$4)*H46 -> 2.240769 | I61: =(F61+(G61))*H46 -> 73.999692 | J61: =E61-I61 -> 0.00030837796 | K61: =ABS(J61) -> 0.00030837796 | M61: =AVERAGE(E61:E75) -> 117 | O61: =$V$2*D61+$V$3 -> 118.64932 | P61: =E61-O61 -> -44.649318 | Q61: =P61*P61 -> 1993.5616 | W61: average of new years | Y61: average last years
D62: 56 | E62: 43 | F62: =$P$2*(E62/H47)+(1-$P$2)*(F61+G61) -> 64.547647 | G62: =$P$3*(F62-F61)+(1-$P$3)*G61 -> 0.067763637 | H62: =$P$4*(E62/F62)+(1-$P$4)*H47 -> 0.66617455 | I62: =(F62+(G62))*H47 -> 43.045142 | J62: =E62-I62 -> -0.04514241 | K62: =ABS(J62) -> 0.04514241 | M62: =AVERAGE(E62:E76) -> 124.73333 | O62: =$V$2*D62+$V$3 -> 118.74548 | P62: =E62-O62 -> -75.74548 | Q62: =P62*P62 -> 5737.3777 | W62: =AVERAGE(E85:E110) -> 115.69231 | Y62: =AVERAGE(E59:E84) -> 115.69231
D63: 57 | E63: 194 | F63: =$P$2*(E63/H48)+(1-$P$2)*(F62+G62) -> 413.33735 | G63: =$P$3*(F63-F62)+(1-$P$3)*G62 -> 0.8189089 | H63: =$P$4*(E63/F63)+(1-$P$4)*H48 -> 0.46935028 | I63: =(F63+(G63))*H48 -> 194.38436 | J63: =E63-I63 -> -0.38435512 | K63: =ABS(J63) -> 0.38435512 | M63: =AVERAGE(E63:E77) -> 128.6 | O63: =$V$2*D63+$V$3 -> 118.84164 | P63: =E63-O63 -> 75.158358 | Q63: =P63*P63 -> 5648.7788 | V63: ancienne /nouvelle | W63: =W62/Y62 -> 1
D64: 58 | E64: 93 | F64: =$P$2*(E64/H49)+(1-$P$2)*(F63+G63) -> 96.732818 | G64: =$P$3*(F64-F63)+(1-$P$3)*G63 -> 0.13518044 | H64: =$P$4*(E64/F64)+(1-$P$4)*H49 -> 0.96141105 | I64: =(F64+(G64))*H49 -> 93.129964 | J64: =E64-I64 -> -0.12996397 | K64: =ABS(J64) -> 0.12996397 | M64: =AVERAGE(E64:E78) -> 120.86667 | O64: =$V$2*D64+$V$3 -> 118.9378 | P64: =E64-O64 -> -25.937803 | Q64: =P64*P64 -> 672.76965
D65: 59 | E65: 116 | F65: =$P$2*(E65/H50)+(1-$P$2)*(F64+G64) -> 157.97228 | G65: =$P$3*(F65-F64)+(1-$P$3)*G64 -> 0.26679874 | H65: =$P$4*(E65/F65)+(1-$P$4)*H50 -> 0.73430605 | I65: =(F65+(G65))*H50 -> 116.19591 | J65: =E65-I65 -> -0.19591193 | K65: =ABS(J65) -> 0.19591193 | M65: =AVERAGE(E65:E79) -> 129.53333 | O65: =$V$2*D65+$V$3 -> 119.03397 | P65: =E65-O65 -> -3.0339654 | Q65: =P65*P65 -> 9.2049459
D66: 60 | E66: 188 | F66: =$P$2*(E66/H51)+(1-$P$2)*(F65+G65) -> 272.90475 | G66: =$P$3*(F66-F65)+(1-$P$3)*G65 -> 0.51378802 | H66: =$P$4*(E66/F66)+(1-$P$4)*H51 -> 0.68888503 | I66: =(F66+(G66))*H51 -> 188.35394 | J66: =E66-I66 -> -0.35394088 | K66: =ABS(J66) -> 0.35394088 | M66: =AVERAGE(E66:E80) -> 126.73333 | O66: =$V$2*D66+$V$3 -> 119.13013 | P66: =E66-O66 -> 68.869873 | Q66: =P66*P66 -> 4743.0594
D67: 61 | E67: 130 | F67: =$P$2*(E67/H52)+(1-$P$2)*(F66+G66) -> 80.965515 | G67: =$P$3*(F67-F66)+(1-$P$3)*G66 -> 0.099245194 | H67: =$P$4*(E67/F67)+(1-$P$4)*H52 -> 1.6056218 | I67: =(F67+(G67))*H52 -> 130.15935 | J67: =E67-I67 -> -0.15935025 | K67: =ABS(J67) -> 0.15935025 | M67: =AVERAGE(E67:E81) -> 123.4 | O67: =$V$2*D67+$V$3 -> 119.22629 | P67: =E67-O67 -> 10.773711 | Q67: =P67*P67 -> 116.07284
D68: 62 | E68: 125 | F68: =$P$2*(E68/H53)+(1-$P$2)*(F67+G67) -> 187.21881 | G68: =$P$3*(F68-F67)+(1-$P$3)*G67 -> 0.32790046 | H68: =$P$4*(E68/F68)+(1-$P$4)*H53 -> 0.66766796 | I68: =(F68+(G68))*H53 -> 125.21893 | J68: =E68-I68 -> -0.21892863 | K68: =ABS(J68) -> 0.21892863 | M68: =AVERAGE(E68:E82) -> 118.53333 | O68: =$V$2*D68+$V$3 -> 119.32245 | P68: =E68-O68 -> 5.6775489 | Q68: =P68*P68 -> 32.234562
D69: 63 | E69: 68 | F69: =$P$2*(E69/H54)+(1-$P$2)*(F68+G68) -> 47.203482 | G69: =$P$3*(F69-F68)+(1-$P$3)*G68 -> 0.025601878 | H69: =$P$4*(E69/F69)+(1-$P$4)*H54 -> 1.4405717 | I69: =(F69+(G69))*H54 -> 68.036881 | J69: =E69-I69 -> -0.036881341 | K69: =ABS(J69) -> 0.036881341 | M69: =AVERAGE(E69:E83) -> 116 | O69: =$V$2*D69+$V$3 -> 119.41861 | P69: =E69-O69 -> -51.418613 | Q69: =P69*P69 -> 2643.8738
D70: 64 | E70: 207 | F70: =$P$2*(E70/H55)+(1-$P$2)*(F69+G69) -> 630.07997 | G70: =$P$3*(F70-F69)+(1-$P$3)*G69 -> 1.2810597 | H70: =$P$4*(E70/F70)+(1-$P$4)*H55 -> 0.32852972 | I70: =(F70+(G70))*H55 -> 207.42087 | J70: =E70-I70 -> -0.42086618 | K70: =ABS(J70) -> 0.42086618 | M70: =AVERAGE(E70:E84) -> 115.93333 | O70: =$V$2*D70+$V$3 -> 119.51477 | P70: =E70-O70 -> 87.485225 | Q70: =P70*P70 -> 7653.6646
D71: 65 | E71: 67 | F71: =$P$2*(E71/H56)+(1-$P$2)*(F70+G70) -> 83.108904 | G71: =$P$3*(F71-F70)+(1-$P$3)*G70 -> 0.10012743 | H71: =$P$4*(E71/F71)+(1-$P$4)*H56 -> 0.80617114 | I71: =(F71+(G71))*H56 -> 67.08072 | J71: =E71-I71 -> -0.080719844 | K71: =ABS(J71) -> 0.080719844
D72: 66 | E72: 152 | F72: =$P$2*(E72/H57)+(1-$P$2)*(F71+G71) -> 162.45627 | G72: =$P$3*(F72-F71)+(1-$P$3)*G71 -> 0.27082556 | H72: =$P$4*(E72/F72)+(1-$P$4)*H57 -> 0.93563643 | I72: =(F72+(G72))*H57 -> 152.25339 | J72: =E72-I72 -> -0.25339426 | K72: =ABS(J72) -> 0.25339426
D73: 67 | E73: 54 | F73: =$P$2*(E73/H58)+(1-$P$2)*(F72+G72) -> 88.399088 | G73: =$P$3*(F73-F72)+(1-$P$3)*G72 -> 0.11072343 | H73: =$P$4*(E73/F73)+(1-$P$4)*H58 -> 0.61086603 | I73: =(F73+(G73))*H58 -> 54.067637 | J73: =E73-I73 -> -0.067637181 | K73: =ABS(J73) -> 0.067637181
D74: 68 | E74: 141 | F74: =$P$2*(E74/H59)+(1-$P$2)*(F73+G73) -> 97.114046 | G74: =$P$3*(F74-F73)+(1-$P$3)*G73 -> 0.12925691 | H74: =$P$4*(E74/F74)+(1-$P$4)*H59 -> 1.4519012 | I74: =(F74+(G74))*H59 -> 141.18767 | J74: =E74-I74 -> -0.18766826 | K74: =ABS(J74) -> 0.18766826
D75: 69 | E75: 103 | F75: =$P$2*(E75/H60)+(1-$P$2)*(F74+G74) -> 73.986917 | G75: =$P$3*(F75-F74)+(1-$P$3)*G74 -> 0.079162769 | H75: =$P$4*(E75/F75)+(1-$P$4)*H60 -> 1.392138 | I75: =(F75+(G75))*H60 -> 103.11021 | J75: =E75-I75 -> -0.1102055 | K75: =ABS(J75) -> 0.1102055
D76: 70 | E76: 190 | F76: =$P$2*(E76/H61)+(1-$P$2)*(F75+G75) -> 84.792319 | G76: =$P$3*(F76-F75)+(1-$P$3)*G75 -> 0.10226703 | H76: =$P$4*(E76/F76)+(1-$P$4)*H61 -> 2.240769 | I76: =(F76+(G76))*H61 -> 190.22916 | J76: =E76-I76 -> -0.2291568 | K76: =ABS(J76) -> 0.2291568
D77: 71 | E77: 101 | F77: =$P$2*(E77/H62)+(1-$P$2)*(F76+G76) -> 151.61192 | G77: =$P$3*(F77-F76)+(1-$P$3)*G76 -> 0.24597582 | H77: =$P$4*(E77/F77)+(1-$P$4)*H62 -> 0.66617455 | I77: =(F77+(G77))*H62 -> 101.16386 | J77: =E77-I77 -> -0.16386283 | K77: =ABS(J77) -> 0.16386283
D78: 72 | E78: 78 | F78: =$P$2*(E78/H63)+(1-$P$2)*(F77+G77) -> 166.18718 | G78: =$P$3*(F78-F77)+(1-$P$3)*G77 -> 0.27684104 | H78: =$P$4*(E78/F78)+(1-$P$4)*H63 -> 0.46935028 | I78: =(F78+(G78))*H63 -> 78.129935 | J78: =E78-I78 -> -0.12993542 | K78: =ABS(J78) -> 0.12993542
D79: 73 | E79: 223 | F79: =$P$2*(E79/H64)+(1-$P$2)*(F78+G78) -> 231.95074 | G79: =$P$3*(F79-F78)+(1-$P$3)*G78 -> 0.41789907 | H79: =$P$4*(E79/F79)+(1-$P$4)*H64 -> 0.96141105 | I79: =(F79+(G79))*H64 -> 223.40177 | J79: =E79-I79 -> -0.40177279 | K79: =ABS(J79) -> 0.40177279
D80: 74 | E80: 74 | F80: =$P$2*(E80/H65)+(1-$P$2)*(F79+G79) -> 100.77542 | G80: =$P$3*(F80-F79)+(1-$P$3)*G79 -> 0.13444797 | H80: =$P$4*(E80/F80)+(1-$P$4)*H65 -> 0.73430605 | I80: =(F80+(G80))*H65 -> 74.098726 | J80: =E80-I80 -> -0.098725957 | K80: =ABS(J80) -> 0.098725957
D81: 75 | E81: 138 | F81: =$P$2*(E81/H66)+(1-$P$2)*(F80+G80) -> 200.3237 | G81: =$P$3*(F81-F80)+(1-$P$3)*G80 -> 0.34858486 | H81: =$P$4*(E81/F81)+(1-$P$4)*H66 -> 0.68888503 | I81: =(F81+(G81))*H66 -> 138.24013 | J81: =E81-I81 -> -0.24013489 | K81: =ABS(J81) -> 0.24013489
D82: 76 | E82: 57 | F82: =$P$2*(E82/H67)+(1-$P$2)*(F81+G81) -> 35.500264 | G82: =$P$3*(F82-F81)+(1-$P$3)*G81 -> -0.0071948273 | H82: =$P$4*(E82/F82)+(1-$P$4)*H67 -> 1.6056218 | I82: =(F82+(G82))*H67 -> 56.988448 | J82: =E82-I82 -> 0.011552172 | K82: =ABS(J82) -> 0.011552172
... D110: 104 | E110: 67 | F110: =$P$2*(E110/H95)+(1-$P$2)*(F109+G109) -> 91.242609 | G110: =$P$3*(F110-F109)+(1-$P$3)*G109 -> 0.099035767 | H110: =$P$4*(E110/F110)+(1-$P$4)*H95 -> 0.73430605 | I110: =(F110+(G110))*H95 -> 67.072723 | J110: =E110-I110 -> -0.072722563 | K110: =ABS(J110) -> 0.072722563

Sheet ormangopet
O2: alpha | P2: 1 | U2: coefii dir | V2: 0
O3: bet | P3: 0 | Q3: error2 | R3: =SUM(K21:K84) -> 8.8817842e-15 | U3: origine | V3: 52.401031
O4: gamma | P4: 1 | U4: sum | V4: =SUM(Q7:Q70) -> 54479.129
V5: =COUNT($P$2:$P$4) -> 3
D6: period | E6: Y | F6: level | G6: trend | H6: season | I6: forcast | J6: error | K6: abs error | L6: average regression | O6: y | P6: erro | Q6: error2
C7: round3 | D7: 1 | E7: 58.028984 | H7: =E7/$A$44 -> 1.067178 | M7: =AVERAGE(E7:E21) -> 54.376104 | O7: =$V$2*D7+$V$3 -> 52.401031 | P7: =E7-O7 -> 5.6279529 | Q7: =P7*P7 -> 31.673854
D8: 2 | E8: 26.376812 | H8: =E8/$A$44 -> 0.48508095 | M8: =AVERAGE(E8:E22) -> 51.864094 | O8: =$V$2*D8+$V$3 -> 52.401031 | P8: =E8-O8 -> -26.024219 | Q8: =P8*P8 -> 677.25998
D9: 3 | E9: 45.855072 | H9: =E9/$A$44 -> 0.84329455 | M9: =AVERAGE(E9:E23) -> 52.194787 | O9: =$V$2*D9+$V$3 -> 52.401031 | P9: =E9-O9 -> -6.5459591 | Q9: =P9*P9 -> 42.84958
D10: 4 | E10: 41.391304 | H10: =E10/$A$44 -> 0.76120393 | M10: =AVERAGE(E10:E24) -> 57.657162 | O10: =$V$2*D10+$V$3 -> 52.401031 | P10: =E10-O10 -> -11.009727 | Q10: =P10*P10 -> 121.21409
D11: 5 | E11: 69.797104 | H11: =E11/$A$44 -> 1.2835988 | M11: =AVERAGE(E11:E25) -> 57.448129 | O11: =$V$2*D11+$V$3 -> 52.401031 | P11: =E11-O11 -> 17.396073 | Q11: =P11*P11 -> 302.62335
D12: 6 | E12: 85.62319 | H12: =E12/$A$44 -> 1.5746474 | M12: =AVERAGE(E12:E26) -> 55.453904 | O12: =$V$2*D12+$V$3 -> 52.401031 | P12: =E12-O12 -> 33.222159 | Q12: =P12*P12 -> 1103.7118
D13: 7 | E13: 87.246376 | H13: =E13/$A$44 -> 1.6044985 | M13: =AVERAGE(E13:E27) -> 53.147052 | O13: =$V$2*D13+$V$3 -> 52.401031 | P13: =E13-O13 -> 34.845345 | Q13: =P13*P13 -> 1214.1981
D14: 8 | E14: 34.086956 | H14: =E14/$A$44 -> 0.62687382 | M14: =AVERAGE(E14:E28) -> 50.323824 | O14: =$V$2*D14+$V$3 -> 52.401031 | P14: =E14-O14 -> -18.314075 | Q14: =P14*P14 -> 335.40535
D15: 9 | E15: 38.95652 | H15: =E15/$A$44 -> 0.71642721 | M15: =AVERAGE(E15:E29) -> 49.711224 | O15: =$V$2*D15+$V$3 -> 52.401031 | P15: =E15-O15 -> -13.444511 | Q15: =P15*P15 -> 180.75488
D16: 10 | E16: 51.942028 | H16: =E16/$A$44 -> 0.9552363 | M16: =AVERAGE(E16:E30) -> 51.903238 | O16: =$V$2*D16+$V$3 -> 52.401031 | P16: =E16-O16 -> -0.45900309 | Q16: =P16*P16 -> 0.21068384
D17: 11 | E17: 116.39535 | H17: =E17/$A$44 -> 2.1405607 | M17: =AVERAGE(E17:E31) -> 52.005062 | O17: =$V$2*D17+$V$3 -> 52.401031 | P17: =E17-O17 -> 63.994319 | Q17: =P17*P17 -> 4095.2729
D18: 12 | E18: 40.697674 | H18: =E18/$A$44 -> 0.74844778 | M18: =AVERAGE(E18:E32) -> 46.531086 | O18: =$V$2*D18+$V$3 -> 52.401031 | P18: =E18-O18 -> -11.703357 | Q18: =P18*P18 -> 136.96857
D19: 13 | E19: 45.17442 | H19: =E19/$A$44 -> 0.83077707 | M19: =AVERAGE(E19:E33) -> 51.351241 | O19: =$V$2*D19+$V$3 -> 52.401031 | P19: =E19-O19 -> -7.2266111 | Q19: =P19*P19 -> 52.223908
D20: 14 | E20: 25.232557 | H20: =E20/$A$44 -> 0.46403761 | M20: =AVERAGE(E20:E34) -> 50.339613 | O20: =$V$2*D20+$V$3 -> 52.401031 | P20: =E20-O20 -> -27.168474 | Q20: =P20*P20 -> 738.12598
D21: 15 | E21: 48.837208 | F21: =V3 -> 52.401031 | G21: =V2 -> 0 | H21: =E21/$A$44 -> 0.89813732 | M21: =AVERAGE(E21:E35) -> 54.92411 | O21: =$V$2*D21+$V$3 -> 52.401031 | P21: =E21-O21 -> -3.5638231 | Q21: =P21*P21 -> 12.700835
D22: 16 | E22: 20.348837 | F22: =$P$2*(E22/H7)+(1-$P$2)*(F21+G21) -> 19.067893 | G22: =$P$3*(F22-F21)+(1-$P$3)*G21 -> 0 | H22: =$P$4*(E22/F22)+(1-$P$4)*H7 -> 1.067178 | I22: =(F22+(G22))*H7 -> 20.348837 | J22: =E22-I22 -> 0 | K22: =ABS(J22) -> 0 | M22: =AVERAGE(E22:E36) -> 53.268296 | O22: =$V$2*D22+$V$3 -> 52.401031 | P22: =E22-O22 -> -32.052194 | Q22: =P22*P22 -> 1027.3431
D23: 17 | E23: 31.33721 | F23: =$P$2*(E23/H8)+(1-$P$2)*(F22+G22) -> 64.602022 | G23: =$P$3*(F23-F22)+(1-$P$3)*G22 -> 0 | H23: =$P$4*(E23/F23)+(1-$P$4)*H8 -> 0.48508095 | I23: =(F23+(G23))*H8 -> 31.33721 | J23: =E23-I23 -> 0 | K23: =ABS(J23) -> 0 | M23: =AVERAGE(E23:E37) -> 53.64504 | O23: =$V$2*D23+$V$3 -> 52.401031 | P23: =E23-O23 -> -21.063821 | Q23: =P23*P23 -> 443.68456
D24: 18 | E24: 127.79069 | F24: =$P$2*(E24/H9)+(1-$P$2)*(F23+G23) -> 151.53744 | G24: =$P$3*(F24-F23)+(1-$P$3)*G23 -> 0 | H24: =$P$4*(E24/F24)+(1-$P$4)*H9 -> 0.84329455 | I24: =(F24+(G24))*H9 -> 127.79069 | J24: =E24-I24 -> 0 | K24: =ABS(J24) -> 0 | M24: =AVERAGE(E24:E38) -> 55.155893 | O24: =$V$2*D24+$V$3 -> 52.401031 | P24: =E24-O24 -> 75.389664 | Q24: =P24*P24 -> 5683.6014
D25: 19 | E25: 38.255814 | F25: =$P$2*(E25/H10)+(1-$P$2)*(F24+G24) -> 50.256984 | G25: =$P$3*(F25-F24)+(1-$P$3)*G24 -> 0 | H25: =$P$4*(E25/F25)+(1-$P$4)*H10 -> 0.76120393 | I25: =(F25+(G25))*H10 -> 38.255814 | J25: =E25-I25 -> 0 | K25: =ABS(J25) -> 0 | M25: =AVERAGE(E25:E39) -> 50.30318 | O25: =$V$2*D25+$V$3 -> 52.401031 | P25: =E25-O25 -> -14.145217 | Q25: =P25*P25 -> 200.08717
D26: 20 | E26: 39.88372 | F26: =$P$2*(E26/H11)+(1-$P$2)*(F25+G25) -> 31.071795 | G26: =$P$3*(F26-F25)+(1-$P$3)*G25 -> 0 | H26: =$P$4*(E26/F26)+(1-$P$4)*H11 -> 1.2835988 | I26: =(F26+(G26))*H11 -> 39.88372 | J26: =E26-I26 -> 0 | K26: =ABS(J26) -> 0 | M26: =AVERAGE(E26:E40) -> 50.019459 | O26: =$V$2*D26+$V$3 -> 52.401031 | P26: =E26-O26 -> -12.517311 | Q26: =P26*P26 -> 156.68308
D27: 21 | E27: 51.02041 | F27: =$P$2*(E27/H12)+(1-$P$2)*(F26+G26) -> 32.401165 | G27: =$P$3*(F27-F26)+(1-$P$3)*G26 -> 0 | H27: =$P$4*(E27/F27)+(1-$P$4)*H12 -> 1.5746474 | I27: =(F27+(G27))*H12 -> 51.02041 | J27: =E27-I27 -> 0 | K27: =ABS(J27) -> 0 | M27: =AVERAGE(E27:E41) -> 52.693877 | O27: =$V$2*D27+$V$3 -> 52.401031 | P27: =E27-O27 -> -1.3806211 | Q27: =P27*P27 -> 1.9061146
D28: 22 | E28: 44.89796 | F28: =$P$2*(E28/H13)+(1-$P$2)*(F27+G27) -> 27.982551 | G28: =$P$3*(F28-F27)+(1-$P$3)*G27 -> 0 | H28: =$P$4*(E28/F28)+(1-$P$4)*H13 -> 1.6044985 | I28: =(F28+(G28))*H13 -> 44.89796 | J28: =E28-I28 -> 0 | K28: =ABS(J28) -> 0 | M28: =AVERAGE(E28:E42) -> 55.092517 | O28: =$V$2*D28+$V$3 -> 52.401031 | P28: =E28-O28 -> -7.5030711 | Q28: =P28*P28 -> 56.296076
D29: 23 | E29: 24.897959 | F29: =$P$2*(E29/H14)+(1-$P$2)*(F28+G28) -> 39.717656 | G29: =$P$3*(F29-F28)+(1-$P$3)*G28 -> 0 | H29: =$P$4*(E29/F29)+(1-$P$4)*H14 -> 0.62687382 | I29: =(F29+(G29))*H14 -> 24.897959 | J29: =E29-I29 -> 0 | K29: =ABS(J29) -> 0 | M29: =AVERAGE(E29:E43) -> 54.165986 | O29: =$V$2*D29+$V$3 -> 52.401031 | P29: =E29-O29 -> -27.503072 | Q29: =P29*P29 -> 756.41897
D30: 24 | E30: 71.83673 | F30: =$P$2*(E30/H15)+(1-$P$2)*(F29+G29) -> 100.2708 | G30: =$P$3*(F30-F29)+(1-$P$3)*G29 -> 0 | H30: =$P$4*(E30/F30)+(1-$P$4)*H15 -> 0.71642721 | I30: =(F30+(G30))*H15 -> 71.83673 | J30: =E30-I30 -> 0 | K30: =ABS(J30) -> 0 | M30: =AVERAGE(E30:E44) -> 54.039455 | O30: =$V$2*D30+$V$3 -> 52.401031 | P30: =E30-O30 -> 19.435699 | Q30: =P30*P30 -> 377.74639
D31: 25 | E31: 53.469387 | F31: =$P$2*(E31/H16)+(1-$P$2)*(F30+G30) -> 55.975037 | G31: =$P$3*(F31-F30)+(1-$P$3)*G30 -> 0 | H31: =$P$4*(E31/F31)+(1-$P$4)*H16 -> 0.9552363 | I31: =(F31+(G31))*H16 -> 53.469387 | J31: =E31-I31 -> 0 | K31: =ABS(J31) -> 0 | M31: =AVERAGE(E31:E45) -> 49.783673 | O31: =$V$2*D31+$V$3 -> 52.401031 | P31: =E31-O31 -> 1.0683559 | Q31: =P31*P31 -> 1.1413843
D32: 26 | E32: 34.285713 | F32: =$P$2*(E32/H17)+(1-$P$2)*(F31+G31) -> 16.017165 | G32: =$P$3*(F32-F31)+(1-$P$3)*G31 -> 0 | H32: =$P$4*(E32/F32)+(1-$P$4)*H17 -> 2.1405607 | I32: =(F32+(G32))*H17 -> 34.285713 | J32: =E32-I32 -> 0 | K32: =ABS(J32) -> 0 | M32: =AVERAGE(E32:E46) -> 52.485714 | O32: =$V$2*D32+$V$3 -> 52.401031 | P32: =E32-O32 -> -18.115318 | Q32: =P32*P32 -> 328.16475
C33: round4 | D33: 27 | E33: 113 | F33: =$P$2*(E33/H18)+(1-$P$2)*(F32+G32) -> 150.97914 | G33: =$P$3*(F33-F32)+(1-$P$3)*G32 -> 0 | H33: =$P$4*(E33/F33)+(1-$P$4)*H18 -> 0.74844778 | I33: =(F33+(G33))*H18 -> 113 | J33: =E33-I33 -> 0 | K33: =ABS(J33) -> 0 | M33: =AVERAGE(E33:E47) -> 52.4 | O33: =$V$2*D33+$V$3 -> 52.401031 | P33: =E33-O33 -> 60.598969 | Q33: =P33*P33 -> 3672.235
D34: 28 | E34: 30 | F34: =$P$2*(E34/H19)+(1-$P$2)*(F33+G33) -> 36.11077 | G34: =$P$3*(F34-F33)+(1-$P$3)*G33 -> 0 | H34: =$P$4*(E34/F34)+(1-$P$4)*H19 -> 0.83077707 | I34: =(F34+(G34))*H19 -> 30 | J34: =E34-I34 -> 0 | K34: =ABS(J34) -> 0 | M34: =AVERAGE(E34:E48) -> 48.066667 | O34: =$V$2*D34+$V$3 -> 52.401031 | P34: =E34-O34 -> -22.401031 | Q34: =P34*P34 -> 501.80619
D35: 29 | E35: 94 | F35: =$P$2*(E35/H20)+(1-$P$2)*(F34+G34) -> 202.56979 | G35: =$P$3*(F35-F34)+(1-$P$3)*G34 -> 0 | H35: =$P$4*(E35/F35)+(1-$P$4)*H20 -> 0.46403761 | I35: =(F35+(G35))*H20 -> 94 | J35: =E35-I35 -> 0 | K35: =ABS(J35) -> 0 | M35: =AVERAGE(E35:E49) -> 52.866667 | O35: =$V$2*D35+$V$3 -> 52.401031 | P35: =E35-O35 -> 41.598969 | Q35: =P35*P35 -> 1730.4742
D36: 30 | E36: 24 | F36: =$P$2*(E36/H21)+(1-$P$2)*(F35+G35) -> 26.721972 | G36: =$P$3*(F36-F35)+(1-$P$3)*G35 -> 0 | H36: =$P$4*(E36/F36)+(1-$P$4)*H21 -> 0.89813732 | I36: =(F36+(G36))*H21 -> 24 | J36: =E36-I36 -> 0 | K36: =ABS(J36) -> 0 | M36: =AVERAGE(E36:E50) -> 49.6 | O36: =$V$2*D36+$V$3 -> 52.401031 | P36: =E36-O36 -> -28.401031 | Q36: =P36*P36 -> 806.61857
D37: 31 | E37: 26 | F37: =$P$2*(E37/H22)+(1-$P$2)*(F36+G36) -> 24.36332 | G37: =$P$3*(F37-F36)+(1-$P$3)*G36 -> 0 | H37: =$P$4*(E37/F37)+(1-$P$4)*H22 -> 1.067178 | I37: =(F37+(G37))*H22 -> 26 | J37: =E37-I37 -> 0 | K37: =ABS(J37) -> 0 | M37: =AVERAGE(E37:E51) -> 49.333333 | O37: =$V$2*D37+$V$3 -> 52.401031 | P37: =E37-O37 -> -26.401031 | Q37: =P37*P37 -> 697.01444
D38: 32 | E38: 54 | F38: =$P$2*(E38/H23)+(1-$P$2)*(F37+G37) -> 111.32163 | G38: =$P$3*(F38-F37)+(1-$P$3)*G37 -> 0 | H38: =$P$4*(E38/F38)+(1-$P$4)*H23 -> 0.48508095 | I38: =(F38+(G38))*H23 -> 54 | J38: =E38-I38 -> 0 | K38: =ABS(J38) -> 0 | M38: =AVERAGE(E38:E52) -> 49.933333 | O38: =$V$2*D38+$V$3 -> 52.401031 | P38: =E38-O38 -> 1.5989689 | Q38: =P38*P38 -> 2.5567016
D39: 33 | E39: 55 | F39: =$P$2*(E39/H24)+(1-$P$2)*(F38+G38) -> 65.22039 | G39: =$P$3*(F39-F38)+(1-$P$3)*G38 -> 0 | H39: =$P$4*(E39/F39)+(1-$P$4)*H24 -> 0.84329455 | I39: =(F39+(G39))*H24 -> 55 | J39: =E39-I39 -> 0 | K39: =ABS(J39) -> 0 | M39: =AVERAGE(E39:E53) -> 49.066667 | O39: =$V$2*D39+$V$3 -> 52.401031 | P39: =E39-O39 -> 2.5989689 | Q39: =P39*P39 -> 6.7546394
D40: 34 | E40: 34 | F40: =$P$2*(E40/H25)+(1-$P$2)*(F39+G39) -> 44.666086 | G40: =$P$3*(F40-F39)+(1-$P$3)*G39 -> 0 | H40: =$P$4*(E40/F40)+(1-$P$4)*H25 -> 0.76120393 | I40: =(F40+(G40))*H25 -> 34 | J40: =E40-I40 -> 0 | K40: =ABS(J40) -> 0 | M40: =AVERAGE(E40:E54) -> 46.866667 | O40: =$V$2*D40+$V$3 -> 52.401031 | P40: =E40-O40 -> -18.401031 | Q40: =P40*P40 -> 338.59795
D41: 35 | E41: 80 | F41: =$P$2*(E41/H26)+(1-$P$2)*(F40+G40) -> 62.324768 | G41: =$P$3*(F41-F40)+(1-$P$3)*G40 -> 0 | H41: =$P$4*(E41/F41)+(1-$P$4)*H26 -> 1.2835988 | I41: =(F41+(G41))*H26 -> 80 | J41: =E41-I41 -> 0 | K41: =ABS(J41) -> 0 | M41: =AVERAGE(E41:E55) -> 48.8 | O41: =$V$2*D41+$V$3 -> 52.401031 | P41: =E41-O41 -> 27.598969 | Q41: =P41*P41 -> 761.70308
D42: 36 | E42: 87 | F42: =$P$2*(E42/H27)+(1-$P$2)*(F41+G41) -> 55.250464 | G42: =$P$3*(F42-F41)+(1-$P$3)*G41 -> 0 | H42: =$P$4*(E42/F42)+(1-$P$4)*H27 -> 1.5746474 | I42: =(F42+(G42))*H27 -> 87 | J42: =E42-I42 -> 0 | K42: =ABS(J42) -> 0 | M42: =AVERAGE(E42:E56) -> 46.133333 | O42: =$V$2*D42+$V$3 -> 52.401031 | P42: =E42-O42 -> 34.598969 | Q42: =P42*P42 -> 1197.0886
D43: 37 | E43: 31 | F43: =$P$2*(E43/H28)+(1-$P$2)*(F42+G42) -> 19.320679 | G43: =$P$3*(F43-F42)+(1-$P$3)*G42 -> 0 | H43: =$P$4*(E43/F43)+(1-$P$4)*H28 -> 1.6044985 | I43: =(F43+(G43))*H28 -> 31 | J43: =E43-I43 -> 0 | K43: =ABS(J43) -> 0 | M43: =AVERAGE(E43:E57) -> 47.333333 | O43: =$V$2*D43+$V$3 -> 52.401031 | P43: =E43-O43 -> -21.401031 | Q43: =P43*P43 -> 458.00413
A44: =AVERAGE(E7:E21) -> 54.376104 | D44: 38 | E44: 23 | F44: =$P$2*(E44/H29)+(1-$P$2)*(F43+G43) -> 36.689999 | G44: =$P$3*(F44-F43)+(1-$P$3)*G43 -> 0 | H44: =$P$4*(E44/F44)+(1-$P$4)*H29 -> 0.62687382 | I44: =(F44+(G44))*H29 -> 23 | J44: =E44-I44 -> 0 | K44: =ABS(J44) -> 0 | M44: =AVERAGE(E44:E58) -> 47.266667 | O44: =$V$2*D44+$V$3 -> 52.401031 | P44: =E44-O44 -> -29.401031 | Q44: =P44*P44 -> 864.42063
D45: 39 | E45: 8 | F45: =$P$2*(E45/H30)+(1-$P$2)*(F44+G44) -> 11.166522 | G45: =$P$3*(F45-F44)+(1-$P$3)*G44 -> 0 | H45: =$P$4*(E45/F45)+(1-$P$4)*H30 -> 0.71642721 | I45: =(F45+(G45))*H30 -> 8 | J45: =E45-I45 -> 0 | K45: =ABS(J45) -> 0 | M45: =AVERAGE(E45:E59) -> 51.4 | O45: =$V$2*D45+$V$3 -> 52.401031 | P45: =E45-O45 -> -44.401031 | Q45: =P45*P45 -> 1971.4516
D46: 40 | E46: 94 | F46: =$P$2*(E46/H31)+(1-$P$2)*(F45+G45) -> 98.404971 | G46: =$P$3*(F46-F45)+(1-$P$3)*G45 -> 0 | H46: =$P$4*(E46/F46)+(1-$P$4)*H31 -> 0.9552363 | I46: =(F46+(G46))*H31 -> 94 | J46: =E46-I46 -> 0 | K46: =ABS(J46) -> 0 | M46: =AVERAGE(E46:E60) -> 53.133333 | O46: =$V$2*D46+$V$3 -> 52.401031 | P46: =E46-O46 -> 41.598969 | Q46: =P46*P46 -> 1730.4742
D47: 41 | E47: 33 | F47: =$P$2*(E47/H32)+(1-$P$2)*(F46+G46) -> 15.416522 | G47: =$P$3*(F47-F46)+(1-$P$3)*G46 -> 0 | H47: =$P$4*(E47/F47)+(1-$P$4)*H32 -> 2.1405607 | I47: =(F47+(G47))*H32 -> 33 | J47: =E47-I47 -> 0 | K47: =ABS(J47) -> 0 | M47: =AVERAGE(E47:E61) -> 49.533333 | O47: =$V$2*D47+$V$3 -> 52.401031 | P47: =E47-O47 -> -19.401031 | Q47: =P47*P47 -> 376.40001
D48: 42 | E48: 48 | F48: =$P$2*(E48/H33)+(1-$P$2)*(F47+G47) -> 64.132731 | G48: =$P$3*(F48-F47)+(1-$P$3)*G47 -> 0 | H48: =$P$4*(E48/F48)+(1-$P$4)*H33 -> 0.74844778 | I48: =(F48+(G48))*H33 -> 48 | J48: =E48-I48 -> 0 | K48: =ABS(J48) -> 0 | M48: =AVERAGE(E48:E62) -> 50.733333 | O48: =$V$2*D48+$V$3 -> 52.401031 | P48: =E48-O48 -> -4.4010311 | Q48: =P48*P48 -> 19.369075
D49: 43 | E49: 102 | F49: =$P$2*(E49/H34)+(1-$P$2)*(F48+G48) -> 122.77662 | G49: =$P$3*(F49-F48)+(1-$P$3)*G48 -> 0 | H49: =$P$4*(E49/F49)+(1-$P$4)*H34 -> 0.83077707 | I49: =(F49+(G49))*H34 -> 102 | J49: =E49-I49 -> 0 | K49: =ABS(J49) -> 0 | M49: =AVERAGE(E49:E63) -> 55.2 | O49: =$V$2*D49+$V$3 -> 52.401031 | P49: =E49-O49 -> 49.598969 | Q49: =P49*P49 -> 2460.0577
D50: 44 | E50: 45 | F50: =$P$2*(E50/H35)+(1-$P$2)*(F49+G49) -> 96.974899 | G50: =$P$3*(F50-F49)+(1-$P$3)*G49 -> 0 | H50: =$P$4*(E50/F50)+(1-$P$4)*H35 -> 0.46403761 | I50: =(F50+(G50))*H35 -> 45 | J50: =E50-I50 -> 0 | K50: =ABS(J50) -> 0 | M50: =AVERAGE(E50:E64) -> 51.2 | O50: =$V$2*D50+$V$3 -> 52.401031 | P50: =E50-O50 -> -7.4010311 | Q50: =P50*P50 -> 54.775261
D51: 45 | E51: 20 | F51: =$P$2*(E51/H36)+(1-$P$2)*(F50+G50) -> 22.26831 | G51: =$P$3*(F51-F50)+(1-$P$3)*G50 -> 0 | H51: =$P$4*(E51/F51)+(1-$P$4)*H36 -> 0.89813732 | I51: =(F51+(G51))*H36 -> 20 | J51: =E51-I51 -> 0 | K51: =ABS(J51) -> 0 | M51: =AVERAGE(E51:E65) -> 51.066667 | O51: =$V$2*D51+$V$3 -> 52.401031 | P51: =E51-O51 -> -32.401031 | Q51: =P51*P51 -> 1049.8268
D52: 46 | E52: 35 | F52: =$P$2*(E52/H37)+(1-$P$2)*(F51+G51) -> 32.796777 | G52: =$P$3*(F52-F51)+(1-$P$3)*G51 -> 0 | H52: =$P$4*(E52/F52)+(1-$P$4)*H37 -> 1.067178 | I52: =(F52+(G52))*H37 -> 35 | J52: =E52-I52 -> 0 | K52: =ABS(J52) -> 0 | M52: =AVERAGE(E52:E66) -> 51.4 | O52: =$V$2*D52+$V$3 -> 52.401031 | P52: =E52-O52 -> -17.401031 | Q52: =P52*P52 -> 302.79588
D53: 47 | E53: 41 | F53: =$P$2*(E53/H38)+(1-$P$2)*(F52+G52) -> 84.521975 | G53: =$P$3*(F53-F52)+(1-$P$3)*G52 -> 0 | H53: =$P$4*(E53/F53)+(1-$P$4)*H38 -> 0.48508095 | I53: =(F53+(G53))*H38 -> 41 | J53: =E53-I53 -> 0 | K53: =ABS(J53) -> 0 | M53: =AVERAGE(E53:E67) -> 52.266667 | O53: =$V$2*D53+$V$3 -> 52.401031 | P53: =E53-O53 -> -11.401031 | Q53: =P53*P53 -> 129.98351
D54: 48 | E54: 22 | F54: =$P$2*(E54/H39)+(1-$P$2)*(F53+G53) -> 26.088156 | G54: =$P$3*(F54-F53)+(1-$P$3)*G53 -> 0 | H54: =$P$4*(E54/F54)+(1-$P$4)*H39 -> 0.84329455 | I54: =(F54+(G54))*H39 -> 22 | J54: =E54-I54 -> 0 | K54: =ABS(J54) -> 0 | M54: =AVERAGE(E54:E68) -> 51.066667 | O54: =$V$2*D54+$V$3 -> 52.401031 | P54: =E54-O54 -> -30.401031 | Q54: =P54*P54 -> 924.22269
D55: 49 | E55: 63 | F55: =$P$2*(E55/H40)+(1-$P$2)*(F54+G54) -> 82.763629 | G55: =$P$3*(F55-F54)+(1-$P$3)*G54 -> 0 | H55: =$P$4*(E55/F55)+(1-$P$4)*H40 -> 0.76120393 | I55: =(F55+(G55))*H40 -> 63 | J55: =E55-I55 -> 0 | K55: =ABS(J55) -> 0 | M55: =AVERAGE(E55:E69) -> 51.8 | O55: =$V$2*D55+$V$3 -> 52.401031 | P55: =E55-O55 -> 10.598969 | Q55: =P55*P55 -> 112.33814
D56: 50 | E56: 40 | F56: =$P$2*(E56/H41)+(1-$P$2)*(F55+G55) -> 31.162384 | G56: =$P$3*(F56-F55)+(1-$P$3)*G55 -> 0 | H56: =$P$4*(E56/F56)+(1-$P$4)*H41 -> 1.2835988 | I56: =(F56+(G56))*H41 -> 40 | J56: =E56-I56 -> 0 | K56: =ABS(J56) -> 0 | M56: =AVERAGE(E56:E70) -> 55.866667 | O56: =$V$2*D56+$V$3 -> 52.401031 | P56: =E56-O56 -> -12.401031 | Q56: =P56*P56 -> 153.78557
... D58: 52 | E58: 30 | F58: =$P$2*(E58/H43)+(1-$P$2)*(F57+G57) -> 18.697431 | G58: =$P$3*(F58-F57)+(1-$P$3)*G57 -> 0 | H58: =$P$4*(E58/F58)+(1-$P$4)*H43 -> 1.6044985 | I58: =(F58+(G58))*H43 -> 30 | J58: =E58-I58 -> 0 | K58: =ABS(J58) -> 0 | M58: =AVERAGE(E58:E72) -> 51.6 | O58: =$V$2*D58+$V$3 -> 52.401031 | P58: =E58-O58 -> -22.401031 | Q58: =P58*P58 -> 501.80619
C59: round 5 | D59: 53 | E59: 85 | F59: =$P$2*(E59/H44)+(1-$P$2)*(F58+G58) -> 135.59347 | G59: =$P$3*(F59-F58)+(1-$P$3)*G58 -> 0 | H59: =$P$4*(E59/F59)+(1-$P$4)*H44 -> 0.62687382 | I59: =(F59+(G59))*H44 -> 85 | J59: =E59-I59 -> 0 | K59: =ABS(J59) -> 0 | M59: =AVERAGE(E59:E73) -> 53.066667 | O59: =$V$2*D59+$V$3 -> 52.401031 | P59: =E59-O59 -> 32.598969 | Q59: =P59*P59 -> 1062.6928
D60: 54 | E60: 34 | F60: =$P$2*(E60/H45)+(1-$P$2)*(F59+G59) -> 47.457718 | G60: =$P$3*(F60-F59)+(1-$P$3)*G59 -> 0 | H60: =$P$4*(E60/F60)+(1-$P$4)*H45 -> 0.71642721 | I60: =(F60+(G60))*H45 -> 34 | J60: =E60-I60 -> 0 | K60: =ABS(J60) -> 0 | M60: =AVERAGE(E60:E74) -> 50.466667 | O60: =$V$2*D60+$V$3 -> 52.401031 | P60: =E60-O60 -> -18.401031 | Q60: =P60*P60 -> 338.59795
D61: 55 | E61: 40 | F61: =$P$2*(E61/H46)+(1-$P$2)*(F60+G60) -> 41.874456 | G61: =$P$3*(F61-F60)+(1-$P$3)*G60 -> 0 | H61: =$P$4*(E61/F61)+(1-$P$4)*H46 -> 0.9552363 | I61: =(F61+(G61))*H46 -> 40 | J61: =E61-I61 -> 0 | K61: =ABS(J61) -> 0 | M61: =AVERAGE(E61:E75) -> 50.066667 | O61: =$V$2*D61+$V$3 -> 52.401031 | P61: =E61-O61 -> -12.401031 | Q61: =P61*P61 -> 153.78557 | W61: average of new years | Y61: average last years
D62: 56 | E62: 51 | F62: =$P$2*(E62/H47)+(1-$P$2)*(F61+G61) -> 23.825533 | G62: =$P$3*(F62-F61)+(1-$P$3)*G61 -> 0 | H62: =$P$4*(E62/F62)+(1-$P$4)*H47 -> 2.1405607 | I62: =(F62+(G62))*H47 -> 51 | J62: =E62-I62 -> 0 | K62: =ABS(J62) -> 0 | M62: =AVERAGE(E62:E76) -> 52.2 | O62: =$V$2*D62+$V$3 -> 52.401031 | P62: =E62-O62 -> -1.4010311 | Q62: =P62*P62 -> 1.9628881 | W62: =AVERAGE(E85:E110) -> 56.961538 | Y62: =AVERAGE(E59:E84) -> 56.961538
D63: 57 | E63: 115 | F63: =$P$2*(E63/H48)+(1-$P$2)*(F62+G62) -> 153.65133 | G63: =$P$3*(F63-F62)+(1-$P$3)*G62 -> 0 | H63: =$P$4*(E63/F63)+(1-$P$4)*H48 -> 0.74844778 | I63: =(F63+(G63))*H48 -> 115 | J63: =E63-I63 -> 0 | K63: =ABS(J63) -> 0 | M63: =AVERAGE(E63:E77) -> 52.266667 | O63: =$V$2*D63+$V$3 -> 52.401031 | P63: =E63-O63 -> 62.598969 | Q63: =P63*P63 -> 3918.6309 | V63: ancienne /nouvelle | W63: =W62/Y62 -> 1
D64: 58 | E64: 42 | F64: =$P$2*(E64/H49)+(1-$P$2)*(F63+G63) -> 50.555079 | G64: =$P$3*(F64-F63)+(1-$P$3)*G63 -> 0 | H64: =$P$4*(E64/F64)+(1-$P$4)*H49 -> 0.83077707 | I64: =(F64+(G64))*H49 -> 42 | J64: =E64-I64 -> 0 | K64: =ABS(J64) -> 0 | M64: =AVERAGE(E64:E78) -> 47.133333 | O64: =$V$2*D64+$V$3 -> 52.401031 | P64: =E64-O64 -> -10.401031 | Q64: =P64*P64 -> 108.18145
D65: 59 | E65: 43 | F65: =$P$2*(E65/H50)+(1-$P$2)*(F64+G64) -> 92.664903 | G65: =$P$3*(F65-F64)+(1-$P$3)*G64 -> 0 | H65: =$P$4*(E65/F65)+(1-$P$4)*H50 -> 0.46403761 | I65: =(F65+(G65))*H50 -> 43 | J65: =E65-I65 -> 0 | K65: =ABS(J65) -> 0 | M65: =AVERAGE(E65:E79) -> 49.666667 | O65: =$V$2*D65+$V$3 -> 52.401031 | P65: =E65-O65 -> -9.4010311 | Q65: =P65*P65 -> 88.379386
D66: 60 | E66: 25 | F66: =$P$2*(E66/H51)+(1-$P$2)*(F65+G65) -> 27.835387 | G66: =$P$3*(F66-F65)+(1-$P$3)*G65 -> 0 | H66: =$P$4*(E66/F66)+(1-$P$4)*H51 -> 0.89813732 | I66: =(F66+(G66))*H51 -> 25 | J66: =E66-I66 -> 0 | K66: =ABS(J66) -> 0 | M66: =AVERAGE(E66:E80) -> 52.333333 | O66: =$V$2*D66+$V$3 -> 52.401031 | P66: =E66-O66 -> -27.401031 | Q66: =P66*P66 -> 750.81651
D67: 61 | E67: 48 | F67: =$P$2*(E67/H52)+(1-$P$2)*(F66+G66) -> 44.978437 | G67: =$P$3*(F67-F66)+(1-$P$3)*G66 -> 0 | H67: =$P$4*(E67/F67)+(1-$P$4)*H52 -> 1.067178 | I67: =(F67+(G67))*H52 -> 48 | J67: =E67-I67 -> 0 | K67: =ABS(J67) -> 0 | M67: =AVERAGE(E67:E81) -> 55.133333 | O67: =$V$2*D67+$V$3 -> 52.401031 | P67: =E67-O67 -> -4.4010311 | Q67: =P67*P67 -> 19.369075
D68: 62 | E68: 23 | F68: =$P$2*(E68/H53)+(1-$P$2)*(F67+G67) -> 47.414767 | G68: =$P$3*(F68-F67)+(1-$P$3)*G67 -> 0 | H68: =$P$4*(E68/F68)+(1-$P$4)*H53 -> 0.48508095 | I68: =(F68+(G68))*H53 -> 23 | J68: =E68-I68 -> 0 | K68: =ABS(J68) -> 0 | M68: =AVERAGE(E68:E82) -> 52.2 | O68: =$V$2*D68+$V$3 -> 52.401031 | P68: =E68-O68 -> -29.401031 | Q68: =P68*P68 -> 864.42063
D69: 63 | E69: 33 | F69: =$P$2*(E69/H54)+(1-$P$2)*(F68+G68) -> 39.132234 | G69: =$P$3*(F69-F68)+(1-$P$3)*G68 -> 0 | H69: =$P$4*(E69/F69)+(1-$P$4)*H54 -> 0.84329455 | I69: =(F69+(G69))*H54 -> 33 | J69: =E69-I69 -> 0 | K69: =ABS(J69) -> 0 | M69: =AVERAGE(E69:E83) -> 56.8 | O69: =$V$2*D69+$V$3 -> 52.401031 | P69: =E69-O69 -> -19.401031 | Q69: =P69*P69 -> 376.40001
D70: 64 | E70: 124 | F70: =$P$2*(E70/H55)+(1-$P$2)*(F69+G69) -> 162.89984 | G70: =$P$3*(F70-F69)+(1-$P$3)*G69 -> 0 | H70: =$P$4*(E70/F70)+(1-$P$4)*H55 -> 0.76120393 | I70: =(F70+(G70))*H55 -> 124 | J70: =E70-I70 -> 0 | K70: =ABS(J70) -> 0 | M70: =AVERAGE(E70:E84) -> 62.8 | O70: =$V$2*D70+$V$3 -> 52.401031 | P70: =E70-O70 -> 71.598969 | Q70: =P70*P70 -> 5126.4123
D71: 65 | E71: 39 | F71: =$P$2*(E71/H56)+(1-$P$2)*(F70+G70) -> 30.383324 | G71: =$P$3*(F71-F70)+(1-$P$3)*G70 -> 0 | H71: =$P$4*(E71/F71)+(1-$P$4)*H56 -> 1.2835988 | I71: =(F71+(G71))*H56 -> 39 | J71: =E71-I71 -> 0 | K71: =ABS(J71) -> 0
D72: 66 | E72: 42 | F72: =$P$2*(E72/H57)+(1-$P$2)*(F71+G71) -> 26.672638 | G72: =$P$3*(F72-F71)+(1-$P$3)*G71 -> 0 | H72: =$P$4*(E72/F72)+(1-$P$4)*H57 -> 1.5746474 | I72: =(F72+(G72))*H57 -> 42 | J72: =E72-I72 -> 0 | K72: =ABS(J72) -> 0
D73: 67 | E73: 52 | F73: =$P$2*(E73/H58)+(1-$P$2)*(F72+G72) -> 32.408881 | G73: =$P$3*(F73-F72)+(1-$P$3)*G72 -> 0 | H73: =$P$4*(E73/F73)+(1-$P$4)*H58 -> 1.6044985 | I73: =(F73+(G73))*H58 -> 52 | J73: =E73-I73 -> 0 | K73: =ABS(J73) -> 0
D74: 68 | E74: 46 | F74: =$P$2*(E74/H59)+(1-$P$2)*(F73+G73) -> 73.379998 | G74: =$P$3*(F74-F73)+(1-$P$3)*G73 -> 0 | H74: =$P$4*(E74/F74)+(1-$P$4)*H59 -> 0.62687382 | I74: =(F74+(G74))*H59 -> 46 | J74: =E74-I74 -> 0 | K74: =ABS(J74) -> 0
D75: 69 | E75: 28 | F75: =$P$2*(E75/H60)+(1-$P$2)*(F74+G74) -> 39.082826 | G75: =$P$3*(F75-F74)+(1-$P$3)*G74 -> 0 | H75: =$P$4*(E75/F75)+(1-$P$4)*H60 -> 0.71642721 | I75: =(F75+(G75))*H60 -> 28 | J75: =E75-I75 -> 0 | K75: =ABS(J75) -> 0
D76: 70 | E76: 72 | F76: =$P$2*(E76/H61)+(1-$P$2)*(F75+G75) -> 75.37402 | G76: =$P$3*(F76-F75)+(1-$P$3)*G75 -> 0 | H76: =$P$4*(E76/F76)+(1-$P$4)*H61 -> 0.9552363 | I76: =(F76+(G76))*H61 -> 72 | J76: =E76-I76 -> 0 | K76: =ABS(J76) -> 0
D77: 71 | E77: 52 | F77: =$P$2*(E77/H62)+(1-$P$2)*(F76+G76) -> 24.292701 | G77: =$P$3*(F77-F76)+(1-$P$3)*G76 -> 0 | H77: =$P$4*(E77/F77)+(1-$P$4)*H62 -> 2.1405607 | I77: =(F77+(G77))*H62 -> 52 | J77: =E77-I77 -> 0 | K77: =ABS(J77) -> 0
D78: 72 | E78: 38 | F78: =$P$2*(E78/H63)+(1-$P$2)*(F77+G77) -> 50.771745 | G78: =$P$3*(F78-F77)+(1-$P$3)*G77 -> 0 | H78: =$P$4*(E78/F78)+(1-$P$4)*H63 -> 0.74844778 | I78: =(F78+(G78))*H63 -> 38 | J78: =E78-I78 -> 0 | K78: =ABS(J78) -> 0
D79: 73 | E79: 80 | F79: =$P$2*(E79/H64)+(1-$P$2)*(F78+G78) -> 96.295388 | G79: =$P$3*(F79-F78)+(1-$P$3)*G78 -> 0 | H79: =$P$4*(E79/F79)+(1-$P$4)*H64 -> 0.83077707 | I79: =(F79+(G79))*H64 -> 80 | J79: =E79-I79 -> 0 | K79: =ABS(J79) -> 0
D80: 74 | E80: 83 | F80: =$P$2*(E80/H65)+(1-$P$2)*(F79+G79) -> 178.86481 | G80: =$P$3*(F80-F79)+(1-$P$3)*G79 -> 0 | H80: =$P$4*(E80/F80)+(1-$P$4)*H65 -> 0.46403761 | I80: =(F80+(G80))*H65 -> 83 | J80: =E80-I80 -> 0 | K80: =ABS(J80) -> 0
D81: 75 | E81: 67 | F81: =$P$2*(E81/H66)+(1-$P$2)*(F80+G80) -> 74.598838 | G81: =$P$3*(F81-F80)+(1-$P$3)*G80 -> 0 | H81: =$P$4*(E81/F81)+(1-$P$4)*H66 -> 0.89813732 | I81: =(F81+(G81))*H66 -> 67 | J81: =E81-I81 -> 0 | K81: =ABS(J81) -> 0
D82: 76 | E82: 4 | F82: =$P$2*(E82/H67)+(1-$P$2)*(F81+G81) -> 3.748203 | G82: =$P$3*(F82-F81)+(1-$P$3)*G81 -> 0 | H82: =$P$4*(E82/F82)+(1-$P$4)*H67 -> 1.067178 | I82: =(F82+(G82))*H67 -> 4 | J82: =E82-I82 -> -8.8817842e-15 | K82: =ABS(J82) -> 8.8817842e-15
... D110: 104 | E110: 123 | F110: =$P$2*(E110/H95)+(1-$P$2)*(F109+G109) -> 265.06472 | G110: =$P$3*(F110-F109)+(1-$P$3)*G109 -> 0 | H110: =$P$4*(E110/F110)+(1-$P$4)*H95 -> 0.46403761 | I110: =(F110+(G110))*H95 -> 123 | J110: =E110-I110 -> 0 | K110: =ABS(J110) -> 0

Sheet cpowpet
O2: alpha | P2: 1 | U2: coefii dir | V2: 0.043118678
O3: bet | P3: 0.002600114 | Q3: error2 | R3: =SUM(K21:K84) -> 2.6875999 | U3: origine | V3: 17.741247
O4: gamma | P4: 1 | U4: sum | V4: =SUM(Q7:Q70) -> 10023.196
V5: =COUNT($P$2:$P$4) -> 3
D6: period | E6: Y | F6: level | G6: trend | H6: season | I6: forcast | J6: error | K6: abs error | L6: average regression | O6: y | P6: erro | Q6: error2
C7: round3 | D7: 1 | E7: 19.011627 | H7: =E7/$A$44 -> 1.0943775 | M7: =AVERAGE(E7:E21) -> 17.372093 | O7: =$V$2*D7+$V$3 -> 17.784365 | P7: =E7-O7 -> 1.2272615 | Q7: =P7*P7 -> 1.5061709
D8: 2 | E8: 35.23256 | H8: =E8/$A$44 -> 2.0281126 | M8: =AVERAGE(E8:E22) -> 16.151163 | O8: =$V$2*D8+$V$3 -> 17.827484 | P8: =E8-O8 -> 17.405076 | Q8: =P8*P8 -> 302.93667
D9: 3 | E9: 29.476744 | H9: =E9/$A$44 -> 1.6967872 | M9: =AVERAGE(E9:E23) -> 16.162791 | O9: =$V$2*D9+$V$3 -> 17.870603 | P9: =E9-O9 -> 11.606141 | Q9: =P9*P9 -> 134.70251
D10: 4 | E10: 6.8023257 | H10: =E10/$A$44 -> 0.39156628 | M10: =AVERAGE(E10:E24) -> 15.569767 | O10: =$V$2*D10+$V$3 -> 17.913721 | P10: =E10-O10 -> -11.111396 | Q10: =P10*P10 -> 123.46312
D11: 5 | E11: 10.639535 | H11: =E11/$A$44 -> 0.61244981 | M11: =AVERAGE(E11:E25) -> 16.55814 | O11: =$V$2*D11+$V$3 -> 17.95684 | P11: =E11-O11 -> -7.3173052 | Q11: =P11*P11 -> 53.542955
D12: 6 | E12: 11.16279 | H12: =E12/$A$44 -> 0.64257025 | M12: =AVERAGE(E12:E26) -> 18.593023 | O12: =$V$2*D12+$V$3 -> 17.999959 | P12: =E12-O12 -> -6.8371689 | Q12: =P12*P12 -> 46.746878
D13: 7 | E13: 16.22093 | H13: =E13/$A$44 -> 0.93373494 | M13: =AVERAGE(E13:E27) -> 18.150039 | O13: =$V$2*D13+$V$3 -> 18.043078 | P13: =E13-O13 -> -1.8221475 | Q13: =P13*P13 -> 3.3202216
D14: 8 | E14: 17.790697 | H14: =E14/$A$44 -> 1.0240964 | M14: =AVERAGE(E14:E28) -> 18.682636 | O14: =$V$2*D14+$V$3 -> 18.086196 | P14: =E14-O14 -> -0.29549921 | Q14: =P14*P14 -> 0.087319782
D15: 9 | E15: 33.837208 | H15: =E15/$A$44 -> 1.9477911 | M15: =AVERAGE(E15:E29) -> 18.016434 | O15: =$V$2*D15+$V$3 -> 18.129315 | P15: =E15-O15 -> 15.707893 | Q15: =P15*P15 -> 246.73791
D16: 10 | E16: 6.8023257 | H16: =E16/$A$44 -> 0.39156628 | M16: =AVERAGE(E16:E30) -> 16.639768 | O16: =$V$2*D16+$V$3 -> 18.172434 | P16: =E16-O16 -> -11.370108 | Q16: =P16*P16 -> 129.27935
D17: 11 | E17: 24.244186 | H17: =E17/$A$44 -> 1.3955823 | M17: =AVERAGE(E17:E31) -> 17.320039 | O17: =$V$2*D17+$V$3 -> 18.215552 | P17: =E17-O17 -> 6.0286338 | Q17: =P17*P17 -> 36.344425
D18: 12 | E18: 17.790697 | H18: =E18/$A$44 -> 1.0240964 | M18: =AVERAGE(E18:E32) -> 19.127055 | O18: =$V$2*D18+$V$3 -> 18.258671 | P18: =E18-O18 -> -0.46797392 | Q18: =P18*P18 -> 0.21899959
D19: 13 | E19: 1.0465117 | H19: =E19/$A$44 -> 0.060240969 | M19: =AVERAGE(E19:E33) -> 19.274342 | O19: =$V$2*D19+$V$3 -> 18.30179 | P19: =E19-O19 -> -17.255278 | Q19: =P19*P19 -> 297.74462
D20: 14 | E20: 15.348837 | H20: =E20/$A$44 -> 0.88353414 | M20: =AVERAGE(E20:E34) -> 20.004574 | O20: =$V$2*D20+$V$3 -> 18.344908 | P20: =E20-O20 -> -2.9960713 | Q20: =P20*P20 -> 8.9764431
D21: 15 | E21: 15.174418 | F21: =V3 -> 17.741247 | G21: =V2 -> 0.043118678 | H21: =E21/$A$44 -> 0.87349395 | M21: =AVERAGE(E21:E35) -> 20.181318 | O21: =$V$2*D21+$V$3 -> 18.388027 | P21: =E21-O21 -> -3.213609 | Q21: =P21*P21 -> 10.327283
D22: 16 | E22: 0.6976744 | F22: =$P$2*(E22/H7)+(1-$P$2)*(F21+G21) -> 0.63750801 | G22: =$P$3*(F22-F21)+(1-$P$3)*G21 -> -0.0014651065 | H22: =$P$4*(E22/F22)+(1-$P$4)*H7 -> 1.0943775 | I22: =(F22+(G22))*H7 -> 0.69607102 | J22: =E22-I22 -> 0.0016033795 | K22: =ABS(J22) -> 0.0016033795 | M22: =AVERAGE(E22:E36) -> 20.103024 | O22: =$V$2*D22+$V$3 -> 18.431146 | P22: =E22-O22 -> -17.733471 | Q22: =P22*P22 -> 314.476
D23: 17 | E23: 35.40698 | F23: =$P$2*(E23/H8)+(1-$P$2)*(F22+G22) -> 17.458094 | G23: =$P$3*(F23-F22)+(1-$P$3)*G22 -> 0.042274145 | H23: =$P$4*(E23/F23)+(1-$P$4)*H8 -> 2.0281126 | I23: =(F23+(G23))*H8 -> 35.492717 | J23: =E23-I23 -> -0.085736725 | K23: =ABS(J23) -> 0.085736725 | M23: =AVERAGE(E23:E37) -> 20.589845 | O23: =$V$2*D23+$V$3 -> 18.474264 | P23: =E23-O23 -> 16.932716 | Q23: =P23*P23 -> 286.71686
D24: 18 | E24: 20.581396 | F24: =$P$2*(E24/H9)+(1-$P$2)*(F23+G23) -> 12.129627 | G24: =$P$3*(F24-F23)+(1-$P$3)*G23 -> 0.028309606 | H24: =$P$4*(E24/F24)+(1-$P$4)*H9 -> 1.6967872 | I24: =(F24+(G24))*H9 -> 20.629431 | J24: =E24-I24 -> -0.048035377 | K24: =ABS(J24) -> 0.048035377 | M24: =AVERAGE(E24:E38) -> 19.22938 | O24: =$V$2*D24+$V$3 -> 18.517383 | P24: =E24-O24 -> 2.064013 | Q24: =P24*P24 -> 4.2601497
D25: 19 | E25: 21.627907 | F25: =$P$2*(E25/H10)+(1-$P$2)*(F24+G24) -> 55.234345 | G25: =$P$3*(F25-F24)+(1-$P$3)*G24 -> 0.14031318 | H25: =$P$4*(E25/F25)+(1-$P$4)*H10 -> 0.39156628 | I25: =(F25+(G25))*H10 -> 21.682849 | J25: =E25-I25 -> -0.05494191 | K25: =ABS(J25) -> 0.05494191 | M25: =AVERAGE(E25:E39) -> 19.923954 | O25: =$V$2*D25+$V$3 -> 18.560502 | P25: =E25-O25 -> 3.0674053 | Q25: =P25*P25 -> 9.4089755
D26: 20 | E26: 41.162792 | F26: =$P$2*(E26/H11)+(1-$P$2)*(F25+G25) -> 67.210065 | G26: =$P$3*(F26-F25)+(1-$P$3)*G25 -> 0.17108659 | H26: =$P$4*(E26/F26)+(1-$P$4)*H11 -> 0.61244981 | I26: =(F26+(G26))*H11 -> 41.267574 | J26: =E26-I26 -> -0.10478195 | K26: =ABS(J26) -> 0.10478195 | M26: =AVERAGE(E26:E40) -> 19.082093 | O26: =$V$2*D26+$V$3 -> 18.60362 | P26: =E26-O26 -> 22.559172 | Q26: =P26*P26 -> 508.91623
D27: 21 | E27: 4.5180235 | F27: =$P$2*(E27/H12)+(1-$P$2)*(F26+G26) -> 7.0311744 | G27: =$P$3*(F27-F26)+(1-$P$3)*G26 -> 0.014169764 | H27: =$P$4*(E27/F27)+(1-$P$4)*H12 -> 0.64257025 | I27: =(F27+(G27))*H12 -> 4.5271286 | J27: =E27-I27 -> -0.0091050689 | K27: =ABS(J27) -> 0.0091050689 | M27: =AVERAGE(E27:E41) -> 17.07124 | O27: =$V$2*D27+$V$3 -> 18.646739 | P27: =E27-O27 -> -14.128716 | Q27: =P27*P27 -> 199.6206
D28: 22 | E28: 24.209885 | F28: =$P$2*(E28/H13)+(1-$P$2)*(F27+G27) -> 25.928006 | G28: =$P$3*(F28-F27)+(1-$P$3)*G27 -> 0.063266838 | H28: =$P$4*(E28/F28)+(1-$P$4)*H13 -> 0.93373494 | I28: =(F28+(G28))*H13 -> 24.268959 | J28: =E28-I28 -> -0.059074457 | K28: =ABS(J28) -> 0.059074457 | M28: =AVERAGE(E28:E42) -> 17.636706 | O28: =$V$2*D28+$V$3 -> 18.689858 | P28: =E28-O28 -> 5.5200273 | Q28: =P28*P28 -> 30.470701
D29: 23 | E29: 7.7976747 | F29: =$P$2*(E29/H14)+(1-$P$2)*(F28+G28) -> 7.6142002 | G29: =$P$3*(F29-F28)+(1-$P$3)*G28 -> 0.015484354 | H29: =$P$4*(E29/F29)+(1-$P$4)*H14 -> 1.0240964 | I29: =(F29+(G29))*H14 -> 7.8135322 | J29: =E29-I29 -> -0.01585747 | K29: =ABS(J29) -> 0.01585747 | M29: =AVERAGE(E29:E43) -> 16.48938 | O29: =$V$2*D29+$V$3 -> 18.732976 | P29: =E29-O29 -> -10.935302 | Q29: =P29*P29 -> 119.58082
D30: 24 | E30: 13.187209 | F30: =$P$2*(E30/H15)+(1-$P$2)*(F29+G29) -> 6.7703405 | G30: =$P$3*(F30-F29)+(1-$P$3)*G29 -> 0.013249961 | H30: =$P$4*(E30/F30)+(1-$P$4)*H15 -> 1.9477911 | I30: =(F30+(G30))*H15 -> 13.213017 | J30: =E30-I30 -> -0.025808156 | K30: =ABS(J30) -> 0.025808156 | M30: =AVERAGE(E30:E44) -> 19.302868 | O30: =$V$2*D30+$V$3 -> 18.776095 | P30: =E30-O30 -> -5.5888861 | Q30: =P30*P30 -> 31.235647
D31: 25 | E31: 17.006395 | F31: =$P$2*(E31/H16)+(1-$P$2)*(F30+G30) -> 43.431715 | G31: =$P$3*(F31-F30)+(1-$P$3)*G30 -> 0.10853927 | H31: =$P$4*(E31/F31)+(1-$P$4)*H16 -> 0.39156628 | I31: =(F31+(G31))*H16 -> 17.048895 | J31: =E31-I31 -> -0.042500316 | K31: =ABS(J31) -> 0.042500316 | M31: =AVERAGE(E31:E45) -> 19.690388 | O31: =$V$2*D31+$V$3 -> 18.819214 | P31: =E31-O31 -> -1.8128187 | Q31: =P31*P31 -> 3.2863118
D32: 26 | E32: 51.34942 | F32: =$P$2*(E32/H17)+(1-$P$2)*(F31+G31) -> 36.79426 | G32: =$P$3*(F32-F31)+(1-$P$3)*G31 -> 0.090998911 | H32: =$P$4*(E32/F32)+(1-$P$4)*H17 -> 1.3955823 | I32: =(F32+(G32))*H17 -> 51.476416 | J32: =E32-I32 -> -0.12699647 | K32: =ABS(J32) -> 0.12699647 | M32: =AVERAGE(E32:E46) -> 20.023295 | O32: =$V$2*D32+$V$3 -> 18.862332 | P32: =E32-O32 -> 32.487088 | Q32: =P32*P32 -> 1055.4109
C33: round4 | D33: 27 | E33: 20 | F33: =$P$2*(E33/H18)+(1-$P$2)*(F32+G32) -> 19.529412 | G33: =$P$3*(F33-F32)+(1-$P$3)*G32 -> 0.045871729 | H33: =$P$4*(E33/F33)+(1-$P$4)*H18 -> 1.0240964 | I33: =(F33+(G33))*H18 -> 20.046977 | J33: =E33-I33 -> -0.046977071 | K33: =ABS(J33) -> 0.046977071 | M33: =AVERAGE(E33:E47) -> 17.666667 | O33: =$V$2*D33+$V$3 -> 18.905451 | P33: =E33-O33 -> 1.0945489 | Q33: =P33*P33 -> 1.1980373
D34: 28 | E34: 12 | F34: =$P$2*(E34/H19)+(1-$P$2)*(F33+G33) -> 199.19998 | G34: =$P$3*(F34-F33)+(1-$P$3)*G33 -> 0.51291643 | H34: =$P$4*(E34/F34)+(1-$P$4)*H19 -> 0.060240969 | I34: =(F34+(G34))*H19 -> 12.030899 | J34: =E34-I34 -> -0.030898583 | K34: =ABS(J34) -> 0.030898583 | M34: =AVERAGE(E34:E48) -> 17 | O34: =$V$2*D34+$V$3 -> 18.94857 | P34: =E34-O34 -> -6.9485698 | Q34: =P34*P34 -> 48.282622
D35: 29 | E35: 18 | F35: =$P$2*(E35/H20)+(1-$P$2)*(F34+G34) -> 20.372727 | G35: =$P$3*(F35-F34)+(1-$P$3)*G34 -> 0.046611532 | H35: =$P$4*(E35/F35)+(1-$P$4)*H20 -> 0.88353414 | I35: =(F35+(G35))*H20 -> 18.041183 | J35: =E35-I35 -> -0.041182879 | K35: =ABS(J35) -> 0.041182879 | M35: =AVERAGE(E35:E49) -> 18.066667 | O35: =$V$2*D35+$V$3 -> 18.991688 | P35: =E35-O35 -> -0.99168846 | Q35: =P35*P35 -> 0.98344599
D36: 30 | E36: 14 | F36: =$P$2*(E36/H21)+(1-$P$2)*(F35+G35) -> 16.027587 | G36: =$P$3*(F36-F35)+(1-$P$3)*G35 -> 0.035192475 | H36: =$P$4*(E36/F36)+(1-$P$4)*H21 -> 0.87349395 | I36: =(F36+(G36))*H21 -> 14.03074 | J36: =E36-I36 -> -0.030740414 | K36: =ABS(J36) -> 0.030740414 | M36: =AVERAGE(E36:E50) -> 17.666667 | O36: =$V$2*D36+$V$3 -> 19.034807 | P36: =E36-O36 -> -5.0348071 | Q36: =P36*P36 -> 25.349283
D37: 31 | E37: 8 | F37: =$P$2*(E37/H22)+(1-$P$2)*(F36+G36) -> 7.310092 | G37: =$P$3*(F37-F36)+(1-$P$3)*G36 -> 0.01243449 | H37: =$P$4*(E37/F37)+(1-$P$4)*H22 -> 1.0943775 | I37: =(F37+(G37))*H22 -> 8.013608 | J37: =E37-I37 -> -0.013608026 | K37: =ABS(J37) -> 0.013608026 | M37: =AVERAGE(E37:E51) -> 17.533333 | O37: =$V$2*D37+$V$3 -> 19.077926 | P37: =E37-O37 -> -11.077926 | Q37: =P37*P37 -> 122.72044
D38: 32 | E38: 15 | F38: =$P$2*(E38/H23)+(1-$P$2)*(F37+G37) -> 7.3960391 | G38: =$P$3*(F38-F37)+(1-$P$3)*G37 -> 0.012625632 | H38: =$P$4*(E38/F38)+(1-$P$4)*H23 -> 2.0281126 | I38: =(F38+(G38))*H23 -> 15.025606 | J38: =E38-I38 -> -0.025606202 | K38: =ABS(J38) -> 0.025606202 | M38: =AVERAGE(E38:E52) -> 18.2 | O38: =$V$2*D38+$V$3 -> 19.121044 | P38: =E38-O38 -> -4.1210445 | Q38: =P38*P38 -> 16.983008
D39: 33 | E39: 31 | F39: =$P$2*(E39/H24)+(1-$P$2)*(F38+G38) -> 18.269822 | G39: =$P$3*(F39-F38)+(1-$P$3)*G38 -> 0.04086588 | H39: =$P$4*(E39/F39)+(1-$P$4)*H24 -> 1.6967872 | I39: =(F39+(G39))*H24 -> 31.069341 | J39: =E39-I39 -> -0.069340701 | K39: =ABS(J39) -> 0.069340701 | M39: =AVERAGE(E39:E53) -> 17.733333 | O39: =$V$2*D39+$V$3 -> 19.164163 | P39: =E39-O39 -> 11.835837 | Q39: =P39*P39 -> 140.08703
D40: 34 | E40: 9 | F40: =$P$2*(E40/H25)+(1-$P$2)*(F39+G39) -> 22.984615 | G40: =$P$3*(F40-F39)+(1-$P$3)*G39 -> 0.053018622 | H40: =$P$4*(E40/F40)+(1-$P$4)*H25 -> 0.39156628 | I40: =(F40+(G40))*H25 -> 9.0207603 | J40: =E40-I40 -> -0.020760304 | K40: =ABS(J40) -> 0.020760304 | M40: =AVERAGE(E40:E54) -> 16.6 | O40: =$V$2*D40+$V$3 -> 19.207282 | P40: =E40-O40 -> -10.207282 | Q40: =P40*P40 -> 104.1886
D41: 35 | E41: 11 | F41: =$P$2*(E41/H26)+(1-$P$2)*(F40+G40) -> 17.960655 | G41: =$P$3*(F41-F40)+(1-$P$3)*G40 -> 0.0398179 | H41: =$P$4*(E41/F41)+(1-$P$4)*H26 -> 0.61244981 | I41: =(F41+(G41))*H26 -> 11.024386 | J41: =E41-I41 -> -0.024386466 | K41: =ABS(J41) -> 0.024386466 | M41: =AVERAGE(E41:E55) -> 17.333333 | O41: =$V$2*D41+$V$3 -> 19.250401 | P41: =E41-O41 -> -8.2504005 | Q41: =P41*P41 -> 68.069109
D42: 36 | E42: 13 | F42: =$P$2*(E42/H27)+(1-$P$2)*(F41+G41) -> 20.231251 | G42: =$P$3*(F42-F41)+(1-$P$3)*G41 -> 0.045618177 | H42: =$P$4*(E42/F42)+(1-$P$4)*H27 -> 0.64257025 | I42: =(F42+(G42))*H27 -> 13.029313 | J42: =E42-I42 -> -0.029312883 | K42: =ABS(J42) -> 0.029312883 | M42: =AVERAGE(E42:E56) -> 18.066667 | O42: =$V$2*D42+$V$3 -> 19.293519 | P42: =E42-O42 -> -6.2935192 | Q42: =P42*P42 -> 39.608384
D43: 37 | E43: 7 | F43: =$P$2*(E43/H28)+(1-$P$2)*(F42+G42) -> 7.4967742 | G43: =$P$3*(F43-F42)+(1-$P$3)*G42 -> 0.012388472 | H43: =$P$4*(E43/F43)+(1-$P$4)*H28 -> 0.93373494 | I43: =(F43+(G43))*H28 -> 7.0115675 | J43: =E43-I43 -> -0.011567549 | K43: =ABS(J43) -> 0.011567549 | M43: =AVERAGE(E43:E57) -> 21.733333 | O43: =$V$2*D43+$V$3 -> 19.336638 | P43: =E43-O43 -> -12.336638 | Q43: =P43*P43 -> 152.19263
A44: =AVERAGE(E7:E21) -> 17.372093 | D44: 38 | E44: 50 | F44: =$P$2*(E44/H29)+(1-$P$2)*(F43+G43) -> 48.823531 | G44: =$P$3*(F44-F43)+(1-$P$3)*G43 -> 0.11981054 | H44: =$P$4*(E44/F44)+(1-$P$4)*H29 -> 1.0240964 | I44: =(F44+(G44))*H29 -> 50.122698 | J44: =E44-I44 -> -0.12269754 | K44: =ABS(J44) -> 0.12269754 | M44: =AVERAGE(E44:E58) -> 22.4 | O44: =$V$2*D44+$V$3 -> 19.379757 | P44: =E44-O44 -> 30.620243 | Q44: =P44*P44 -> 937.59931
D45: 39 | E45: 19 | F45: =$P$2*(E45/H30)+(1-$P$2)*(F44+G44) -> 9.7546394 | G45: =$P$3*(F45-F44)+(1-$P$3)*G44 -> 0.017915447 | H45: =$P$4*(E45/F45)+(1-$P$4)*H30 -> 1.9477911 | I45: =(F45+(G45))*H30 -> 19.034896 | J45: =E45-I45 -> -0.034895548 | K45: =ABS(J45) -> 0.034895548 | M45: =AVERAGE(E45:E59) -> 21.533333 | O45: =$V$2*D45+$V$3 -> 19.422875 | P45: =E45-O45 -> -0.42287524 | Q45: =P45*P45 -> 0.17882347
D46: 40 | E46: 22 | F46: =$P$2*(E46/H31)+(1-$P$2)*(F45+G45) -> 56.184614 | G46: =$P$3*(F46-F45)+(1-$P$3)*G45 -> 0.13859209 | H46: =$P$4*(E46/F46)+(1-$P$4)*H31 -> 0.39156628 | I46: =(F46+(G46))*H31 -> 22.054268 | J46: =E46-I46 -> -0.05426799 | K46: =ABS(J46) -> 0.05426799 | M46: =AVERAGE(E46:E60) -> 21.266667 | O46: =$V$2*D46+$V$3 -> 19.465994 | P46: =E46-O46 -> 2.5340061 | Q46: =P46*P46 -> 6.4211868
D47: 41 | E47: 16 | F47: =$P$2*(E47/H32)+(1-$P$2)*(F46+G46) -> 11.464748 | G47: =$P$3*(F47-F46)+(1-$P$3)*G46 -> 0.021954987 | H47: =$P$4*(E47/F47)+(1-$P$4)*H32 -> 1.3955823 | I47: =(F47+(G47))*H32 -> 16.03064 | J47: =E47-I47 -> -0.030639992 | K47: =ABS(J47) -> 0.030639992 | M47: =AVERAGE(E47:E61) -> 20.333333 | O47: =$V$2*D47+$V$3 -> 19.509113 | P47: =E47-O47 -> -3.5091126 | Q47: =P47*P47 -> 12.313871
D48: 42 | E48: 10 | F48: =$P$2*(E48/H33)+(1-$P$2)*(F47+G47) -> 9.7647061 | G48: =$P$3*(F48-F47)+(1-$P$3)*G47 -> 0.017477599 | H48: =$P$4*(E48/F48)+(1-$P$4)*H33 -> 1.0240964 | I48: =(F48+(G48))*H33 -> 10.017899 | J48: =E48-I48 -> -0.017898745 | K48: =ABS(J48) -> 0.017898745 | M48: =AVERAGE(E48:E62) -> 19.933333 | O48: =$V$2*D48+$V$3 -> 19.552231 | P48: =E48-O48 -> -9.5522313 | Q48: =P48*P48 -> 91.245122
D49: 43 | E49: 28 | F49: =$P$2*(E49/H34)+(1-$P$2)*(F48+G48) -> 464.79996 | G49: =$P$3*(F49-F48)+(1-$P$3)*G48 -> 1.2005757 | H49: =$P$4*(E49/F49)+(1-$P$4)*H34 -> 0.060240969 | I49: =(F49+(G49))*H34 -> 28.072324 | J49: =E49-I49 -> -0.072323844 | K49: =ABS(J49) -> 0.072323844 | M49: =AVERAGE(E49:E63) -> 20.733333 | O49: =$V$2*D49+$V$3 -> 19.59535 | P49: =E49-O49 -> 8.40465 | Q49: =P49*P49 -> 70.638142
D50: 44 | E50: 12 | F50: =$P$2*(E50/H35)+(1-$P$2)*(F49+G49) -> 13.581818 | G50: =$P$3*(F50-F49)+(1-$P$3)*G49 -> 0.024235448 | H50: =$P$4*(E50/F50)+(1-$P$4)*H35 -> 0.88353414 | I50: =(F50+(G50))*H35 -> 12.021413 | J50: =E50-I50 -> -0.021412845 | K50: =ABS(J50) -> 0.021412845 | M50: =AVERAGE(E50:E64) -> 20 | O50: =$V$2*D50+$V$3 -> 19.638469 | P50: =E50-O50 -> -7.6384686 | Q50: =P50*P50 -> 58.346203
D51: 45 | E51: 12 | F51: =$P$2*(E51/H36)+(1-$P$2)*(F50+G50) -> 13.737931 | G51: =$P$3*(F51-F50)+(1-$P$3)*G50 -> 0.024578345 | H51: =$P$4*(E51/F51)+(1-$P$4)*H36 -> 0.87349395 | I51: =(F51+(G51))*H36 -> 12.021469 | J51: =E51-I51 -> -0.021469036 | K51: =ABS(J51) -> 0.021469036 | M51: =AVERAGE(E51:E65) -> 20.533333 | O51: =$V$2*D51+$V$3 -> 19.681587 | P51: =E51-O51 -> -7.6815873 | Q51: =P51*P51 -> 59.006784
D52: 46 | E52: 18 | F52: =$P$2*(E52/H37)+(1-$P$2)*(F51+G51) -> 16.447707 | G52: =$P$3*(F52-F51)+(1-$P$3)*G51 -> 0.031560164 | H52: =$P$4*(E52/F52)+(1-$P$4)*H37 -> 1.0943775 | I52: =(F52+(G52))*H37 -> 18.034539 | J52: =E52-I52 -> -0.034538733 | K52: =ABS(J52) -> 0.034538733 | M52: =AVERAGE(E52:E66) -> 20.533333 | O52: =$V$2*D52+$V$3 -> 19.724706 | P52: =E52-O52 -> -1.724706 | Q52: =P52*P52 -> 2.9746108
D53: 47 | E53: 8 | F53: =$P$2*(E53/H38)+(1-$P$2)*(F52+G52) -> 3.9445542 | G53: =$P$3*(F53-F52)+(1-$P$3)*G52 -> -0.0010315192 | H53: =$P$4*(E53/F53)+(1-$P$4)*H38 -> 2.0281126 | I53: =(F53+(G53))*H38 -> 7.997908 | J53: =E53-I53 -> 0.0020920372 | K53: =ABS(J53) -> 0.0020920372 | M53: =AVERAGE(E53:E67) -> 22.533333 | O53: =$V$2*D53+$V$3 -> 19.767825 | P53: =E53-O53 -> -11.767825 | Q53: =P53*P53 -> 138.4817
D54: 48 | E54: 14 | F54: =$P$2*(E54/H39)+(1-$P$2)*(F53+G53) -> 8.2508875 | G54: =$P$3*(F54-F53)+(1-$P$3)*G53 -> 0.010168121 | H54: =$P$4*(E54/F54)+(1-$P$4)*H39 -> 1.6967872 | I54: =(F54+(G54))*H39 -> 14.017253 | J54: =E54-I54 -> -0.017253136 | K54: =ABS(J54) -> 0.017253136 | M54: =AVERAGE(E54:E68) -> 23.466667 | O54: =$V$2*D54+$V$3 -> 19.810943 | P54: =E54-O54 -> -5.8109433 | Q54: =P54*P54 -> 33.767063
D55: 49 | E55: 20 | F55: =$P$2*(E55/H40)+(1-$P$2)*(F54+G54) -> 51.076922 | G55: =$P$3*(F55-F54)+(1-$P$3)*G54 -> 0.12149426 | H55: =$P$4*(E55/F55)+(1-$P$4)*H40 -> 0.39156628 | I55: =(F55+(G55))*H40 -> 20.047573 | J55: =E55-I55 -> -0.047573053 | K55: =ABS(J55) -> 0.047573053 | M55: =AVERAGE(E55:E69) -> 23.066667 | O55: =$V$2*D55+$V$3 -> 19.854062 | P55: =E55-O55 -> 0.14593797 | Q55: =P55*P55 -> 0.021297892
D56: 50 | E56: 22 | F56: =$P$2*(E56/H41)+(1-$P$2)*(F55+G55) -> 35.921311 | G56: =$P$3*(F56-F55)+(1-$P$3)*G55 -> 0.081772039 | H56: =$P$4*(E56/F56)+(1-$P$4)*H41 -> 0.61244981 | I56: =(F56+(G56))*H41 -> 22.050081 | J56: =E56-I56 -> -0.05008127 | K56: =ABS(J56) -> 0.05008127 | M56: =AVERAGE(E56:E70) -> 22.666667 | O56: =$V$2*D56+$V$3 -> 19.897181 | P56: =E56-O56 -> 2.1028193 | Q56: =P56*P56 -> 4.421849
... D58: 52 | E58: 17 | F58: =$P$2*(E58/H43)+(1-$P$2)*(F57+G57) -> 18.206452 | G58: =$P$3*(F58-F57)+(1-$P$3)*G57 -> 0.034814115 | H58: =$P$4*(E58/F58)+(1-$P$4)*H43 -> 0.93373494 | I58: =(F58+(G58))*H43 -> 17.032507 | J58: =E58-I58 -> -0.032507155 | K58: =ABS(J58) -> 0.032507155 | M58: =AVERAGE(E58:E72) -> 19.066667 | O58: =$V$2*D58+$V$3 -> 19.983418 | P58: =E58-O58 -> -2.9834181 | Q58: =P58*P58 -> 8.9007833
C59: round 5 | D59: 53 | E59: 37 | F59: =$P$2*(E59/H44)+(1-$P$2)*(F58+G58) -> 36.129413 | G59: =$P$3*(F59-F58)+(1-$P$3)*G58 -> 0.081325337 | H59: =$P$4*(E59/F59)+(1-$P$4)*H44 -> 1.0240964 | I59: =(F59+(G59))*H44 -> 37.083285 | J59: =E59-I59 -> -0.083284981 | K59: =ABS(J59) -> 0.083284981 | M59: =AVERAGE(E59:E73) -> 19.533333 | O59: =$V$2*D59+$V$3 -> 20.026537 | P59: =E59-O59 -> 16.973463 | Q59: =P59*P59 -> 288.09846
D60: 54 | E60: 15 | F60: =$P$2*(E60/H45)+(1-$P$2)*(F59+G59) -> 7.7010311 | G60: =$P$3*(F60-F59)+(1-$P$3)*G59 -> 0.0071968474 | H60: =$P$4*(E60/F60)+(1-$P$4)*H45 -> 1.9477911 | I60: =(F60+(G60))*H45 -> 15.014018 | J60: =E60-I60 -> -0.014017955 | K60: =ABS(J60) -> 0.014017955 | M60: =AVERAGE(E60:E74) -> 18.466667 | O60: =$V$2*D60+$V$3 -> 20.069655 | P60: =E60-O60 -> -5.0696554 | Q60: =P60*P60 -> 25.701406
D61: 55 | E61: 8 | F61: =$P$2*(E61/H46)+(1-$P$2)*(F60+G60) -> 20.430769 | G61: =$P$3*(F61-F60)+(1-$P$3)*G60 -> 0.040276904 | H61: =$P$4*(E61/F61)+(1-$P$4)*H46 -> 0.39156628 | I61: =(F61+(G61))*H46 -> 8.0157711 | J61: =E61-I61 -> -0.015771077 | K61: =ABS(J61) -> 0.015771077 | M61: =AVERAGE(E61:E75) -> 19.8 | O61: =$V$2*D61+$V$3 -> 20.112774 | P61: =E61-O61 -> -12.112774 | Q61: =P61*P61 -> 146.7193 | W61: average of new years | Y61: average last years
D62: 56 | E62: 10 | F62: =$P$2*(E62/H47)+(1-$P$2)*(F61+G61) -> 7.1654676 | G62: =$P$3*(F62-F61)+(1-$P$3)*G61 -> 0.0056808838 | H62: =$P$4*(E62/F62)+(1-$P$4)*H47 -> 1.3955823 | I62: =(F62+(G62))*H47 -> 10.007928 | J62: =E62-I62 -> -0.0079281412 | K62: =ABS(J62) -> 0.0079281412 | M62: =AVERAGE(E62:E76) -> 21.266667 | O62: =$V$2*D62+$V$3 -> 20.155893 | P62: =E62-O62 -> -10.155893 | Q62: =P62*P62 -> 103.14216 | W62: =AVERAGE(E85:E110) -> 20.653846 | Y62: =AVERAGE(E59:E84) -> 20.653846
D63: 57 | E63: 22 | F63: =$P$2*(E63/H48)+(1-$P$2)*(F62+G62) -> 21.482353 | G63: =$P$3*(F63-F62)+(1-$P$3)*G62 -> 0.042891649 | H63: =$P$4*(E63/F63)+(1-$P$4)*H48 -> 1.0240964 | I63: =(F63+(G63))*H48 -> 22.043925 | J63: =E63-I63 -> -0.043925182 | K63: =ABS(J63) -> 0.043925182 | M63: =AVERAGE(E63:E77) -> 20.733333 | O63: =$V$2*D63+$V$3 -> 20.199011 | P63: =E63-O63 -> 1.8009885 | Q63: =P63*P63 -> 3.2435597 | V63: ancienne /nouvelle | W63: =W62/Y62 -> 1
D64: 58 | E64: 17 | F64: =$P$2*(E64/H49)+(1-$P$2)*(F63+G63) -> 282.19998 | G64: =$P$3*(F64-F63)+(1-$P$3)*G63 -> 0.72067568 | H64: =$P$4*(E64/F64)+(1-$P$4)*H49 -> 0.060240969 | I64: =(F64+(G64))*H49 -> 17.043414 | J64: =E64-I64 -> -0.043414201 | K64: =ABS(J64) -> 0.043414201 | M64: =AVERAGE(E64:E78) -> 21.4 | O64: =$V$2*D64+$V$3 -> 20.24213 | P64: =E64-O64 -> -3.2421301 | Q64: =P64*P64 -> 10.511408
D65: 59 | E65: 20 | F65: =$P$2*(E65/H50)+(1-$P$2)*(F64+G64) -> 22.636364 | G65: =$P$3*(F65-F64)+(1-$P$3)*G64 -> 0.043906845 | H65: =$P$4*(E65/F65)+(1-$P$4)*H50 -> 0.88353414 | I65: =(F65+(G65))*H50 -> 20.038793 | J65: =E65-I65 -> -0.038793196 | K65: =ABS(J65) -> 0.038793196 | M65: =AVERAGE(E65:E79) -> 21.733333 | O65: =$V$2*D65+$V$3 -> 20.285249 | P65: =E65-O65 -> -0.28524881 | Q65: =P65*P65 -> 0.081366884
D66: 60 | E66: 12 | F66: =$P$2*(E66/H51)+(1-$P$2)*(F65+G65) -> 13.737931 | G66: =$P$3*(F66-F65)+(1-$P$3)*G65 -> 0.020655744 | H66: =$P$4*(E66/F66)+(1-$P$4)*H51 -> 0.87349395 | I66: =(F66+(G66))*H51 -> 12.018043 | J66: =E66-I66 -> -0.018042667 | K66: =ABS(J66) -> 0.018042667 | M66: =AVERAGE(E66:E80) -> 21.866667 | O66: =$V$2*D66+$V$3 -> 20.328367 | P66: =E66-O66 -> -8.3283675 | Q66: =P66*P66 -> 69.361705
D67: 61 | E67: 48 | F67: =$P$2*(E67/H52)+(1-$P$2)*(F66+G66) -> 43.860552 | G67: =$P$3*(F67-F66)+(1-$P$3)*G66 -> 0.098924285 | H67: =$P$4*(E67/F67)+(1-$P$4)*H52 -> 1.0943775 | I67: =(F67+(G67))*H52 -> 48.108261 | J67: =E67-I67 -> -0.10826051 | K67: =ABS(J67) -> 0.10826051 | M67: =AVERAGE(E67:E81) -> 22.133333 | O67: =$V$2*D67+$V$3 -> 20.371486 | P67: =E67-O67 -> 27.628514 | Q67: =P67*P67 -> 763.33478
D68: 62 | E68: 22 | F68: =$P$2*(E68/H53)+(1-$P$2)*(F67+G67) -> 10.847524 | G68: =$P$3*(F68-F67)+(1-$P$3)*G67 -> 0.012829433 | H68: =$P$4*(E68/F68)+(1-$P$4)*H53 -> 2.0281126 | I68: =(F68+(G68))*H53 -> 22.02602 | J68: =E68-I68 -> -0.026019535 | K68: =ABS(J68) -> 0.026019535 | M68: =AVERAGE(E68:E82) -> 19.066667 | O68: =$V$2*D68+$V$3 -> 20.414605 | P68: =E68-O68 -> 1.5853952 | Q68: =P68*P68 -> 2.5134778
D69: 63 | E69: 8 | F69: =$P$2*(E69/H54)+(1-$P$2)*(F68+G68) -> 4.7147929 | G69: =$P$3*(F69-F68)+(1-$P$3)*G68 -> -0.0031497254 | H69: =$P$4*(E69/F69)+(1-$P$4)*H54 -> 1.6967872 | I69: =(F69+(G69))*H54 -> 7.9946556 | J69: =E69-I69 -> 0.0053444137 | K69: =ABS(J69) -> 0.0053444137 | M69: =AVERAGE(E69:E83) -> 20.933333 | O69: =$V$2*D69+$V$3 -> 20.457724 | P69: =E69-O69 -> -12.457724 | Q69: =P69*P69 -> 155.19488
D70: 64 | E70: 14 | F70: =$P$2*(E70/H55)+(1-$P$2)*(F69+G69) -> 35.753845 | G70: =$P$3*(F70-F69)+(1-$P$3)*G69 -> 0.07756354 | H70: =$P$4*(E70/F70)+(1-$P$4)*H55 -> 0.39156628 | I70: =(F70+(G70))*H55 -> 14.030371 | J70: =E70-I70 -> -0.030371267 | K70: =ABS(J70) -> 0.030371267 | M70: =AVERAGE(E70:E84) -> 21.2 | O70: =$V$2*D70+$V$3 -> 20.500842 | P70: =E70-O70 -> -6.5008422 | Q70: =P70*P70 -> 42.260949
D71: 65 | E71: 25 | F71: =$P$2*(E71/H56)+(1-$P$2)*(F70+G70) -> 40.819671 | G71: =$P$3*(F71-F70)+(1-$P$3)*G70 -> 0.090533591 | H71: =$P$4*(E71/F71)+(1-$P$4)*H56 -> 0.61244981 | I71: =(F71+(G71))*H56 -> 25.055447 | J71: =E71-I71 -> -0.055447281 | K71: =ABS(J71) -> 0.055447281
D72: 66 | E72: 11 | F72: =$P$2*(E72/H57)+(1-$P$2)*(F71+G71) -> 17.118751 | G72: =$P$3*(F72-F71)+(1-$P$3)*G71 -> 0.028673098 | H72: =$P$4*(E72/F72)+(1-$P$4)*H57 -> 0.64257025 | I72: =(F72+(G72))*H57 -> 11.018424 | J72: =E72-I72 -> -0.01842448 | K72: =ABS(J72) -> 0.01842448
D73: 67 | E73: 24 | F73: =$P$2*(E73/H58)+(1-$P$2)*(F72+G72) -> 25.703226 | G73: =$P$3*(F73-F72)+(1-$P$3)*G72 -> 0.050919159 | H73: =$P$4*(E73/F73)+(1-$P$4)*H58 -> 0.93373494 | I73: =(F73+(G73))*H58 -> 24.047545 | J73: =E73-I73 -> -0.047544997 | K73: =ABS(J73) -> 0.047544997
D74: 68 | E74: 21 | F74: =$P$2*(E74/H59)+(1-$P$2)*(F73+G73) -> 20.505883 | G74: =$P$3*(F74-F73)+(1-$P$3)*G73 -> 0.037273079 | H74: =$P$4*(E74/F74)+(1-$P$4)*H59 -> 1.0240964 | I74: =(F74+(G74))*H59 -> 21.038171 | J74: =E74-I74 -> -0.038171224 | K74: =ABS(J74) -> 0.038171224
D75: 69 | E75: 35 | F75: =$P$2*(E75/H60)+(1-$P$2)*(F74+G74) -> 17.969073 | G75: =$P$3*(F75-F74)+(1-$P$3)*G74 -> 0.030580168 | H75: =$P$4*(E75/F75)+(1-$P$4)*H60 -> 1.9477911 | I75: =(F75+(G75))*H60 -> 35.059564 | J75: =E75-I75 -> -0.05956378 | K75: =ABS(J75) -> 0.05956378
D76: 70 | E76: 30 | F76: =$P$2*(E76/H61)+(1-$P$2)*(F75+G75) -> 76.615382 | G76: =$P$3*(F76-F75)+(1-$P$3)*G75 -> 0.18298775 | H76: =$P$4*(E76/F76)+(1-$P$4)*H61 -> 0.39156628 | I76: =(F76+(G76))*H61 -> 30.071652 | J76: =E76-I76 -> -0.071651832 | K76: =ABS(J76) -> 0.071651832
D77: 71 | E77: 2 | F77: =$P$2*(E77/H62)+(1-$P$2)*(F76+G76) -> 1.4330935 | G77: =$P$3*(F77-F76)+(1-$P$3)*G76 -> -0.012970564 | H77: =$P$4*(E77/F77)+(1-$P$4)*H62 -> 1.3955823 | I77: =(F77+(G77))*H62 -> 1.9818985 | J77: =E77-I77 -> 0.01810149 | K77: =ABS(J77) -> 0.01810149
D78: 72 | E78: 32 | F78: =$P$2*(E78/H63)+(1-$P$2)*(F77+G77) -> 31.24706 | G78: =$P$3*(F78-F77)+(1-$P$3)*G77 -> 0.064582873 | H78: =$P$4*(E78/F78)+(1-$P$4)*H63 -> 1.0240964 | I78: =(F78+(G78))*H63 -> 32.066139 | J78: =E78-I78 -> -0.066139085 | K78: =ABS(J78) -> 0.066139085
D79: 73 | E79: 22 | F79: =$P$2*(E79/H64)+(1-$P$2)*(F78+G78) -> 365.19997 | G79: =$P$3*(F79-F78)+(1-$P$3)*G78 -> 0.9327306 | H79: =$P$4*(E79/F79)+(1-$P$4)*H64 -> 0.060240969 | I79: =(F79+(G79))*H64 -> 22.056189 | J79: =E79-I79 -> -0.056188595 | K79: =ABS(J79) -> 0.056188595
D80: 74 | E80: 22 | F80: =$P$2*(E80/H65)+(1-$P$2)*(F79+G79) -> 24.9 | G80: =$P$3*(F80-F79)+(1-$P$3)*G79 -> 0.045486665 | H80: =$P$4*(E80/F80)+(1-$P$4)*H65 -> 0.88353414 | I80: =(F80+(G80))*H65 -> 22.040189 | J80: =E80-I80 -> -0.040189021 | K80: =ABS(J80) -> 0.040189021
D81: 75 | E81: 16 | F81: =$P$2*(E81/H66)+(1-$P$2)*(F80+G80) -> 18.317242 | G81: =$P$3*(F81-F80)+(1-$P$3)*G80 -> 0.028252473 | H81: =$P$4*(E81/F81)+(1-$P$4)*H66 -> 0.87349395 | I81: =(F81+(G81))*H66 -> 16.024678 | J81: =E81-I81 -> -0.024678364 | K81: =ABS(J81) -> 0.024678364
D82: 76 | E82: 2 | F82: =$P$2*(E82/H67)+(1-$P$2)*(F81+G81) -> 1.827523 | G82: =$P$3*(F82-F81)+(1-$P$3)*G81 -> -0.014696137 | H82: =$P$4*(E82/F82)+(1-$P$4)*H67 -> 1.0943775 | I82: =(F82+(G82))*H67 -> 1.9839169 | J82: =E82-I82 -> 0.016083121 | K82: =ABS(J82) -> 0.016083121
... D110: 104 | E110: 12 | F110: =$P$2*(E110/H95)+(1-$P$2)*(F109+G109) -> 13.581818 | G110: =$P$3*(F110-F109)+(1-$P$3)*G109 -> 0.0049983979 | H110: =$P$4*(E110/F110)+(1-$P$4)*H95 -> 0.88353414 | I110: =(F110+(G110))*H95 -> 12.004416 | J110: =E110-I110 -> -0.0044162552 | K110: =ABS(J110) -> 0.0044162552

Sheet récapitulatif
C2: produit | D2: moyenne du round passé | E2: moyenne prévu du round suivant | F2: rapport | G2: pourcentage
C3: fressie orange one liter | D3: ='orange 1liter'!Y62 -> 64.846154 | E3: ='orange 1liter'!W62 -> 64.846154 | F3: =E3/D3 -> 1 | G3: =(F3-1)*100 -> 0
C4: fressie orange/mango | D4: ='orange mango1liter'!Y62 -> 42.5 | E4: ='orange mango1liter'!W62 -> 39.814308 | F4: =E4/D4 -> 0.93680725 | G4: =(F4-1)*100 -> -6.3192748
C5: Fressie orange C-power | D5: ='orange cpower1liter'!Y62 -> 11.05 | E5: ='orange cpower1liter'!W62 -> 11.640741 | F5: =E5/D5 -> 1.0534607 | G5: =(F5-1)*100 -> 5.3460701
C6: Fressie orange Pet | D6: =orpet!Y62 -> 115.69231 | E6: =orpet!W62 -> 115.69231 | F6: =E6/D6 -> 1 | G6: =(F6-1)*100 -> 0
C7: Fressie orange /mango PET | D7: =ormangopet!Y62 -> 56.961538 | E7: =ormangopet!W62 -> 56.961538 | F7: =E7/D7 -> 1 | G7: =(F7-1)*100 -> 0
C8: Fressie orangeCpower PET | D8: =cpowpet!Y62 -> 20.653846 | E8: =cpowpet!W62 -> 20.653846 | F8: =E8/D8 -> 1 | G8: =(F8-1)*100 -> 0
